﻿"Statistic Label","Year","Nace Rev 2 Activity","UNIT","VALUE"
"Construction Enterprises","2019","Development of building projects (411)","Number","3846"
"Construction Enterprises","2019","Construction of residential and non-residential buildings (412)","Number","12227"
"Construction Enterprises","2019","Construction of roads and railways (421)","Number","777"
"Construction Enterprises","2019","Construction of utility projects (422)","Number","304"
"Construction Enterprises","2019","Construction of other civil engineering projects (429)","Number","540"
"Construction Enterprises","2019","Demolition and site preparation (431)","Number","737"
"Construction Enterprises","2019","Electrical, plumbing and other construction installation activities (432)","Number","11513"
"Construction Enterprises","2019","Building completion and finishing (433)","Number","20096"
"Construction Enterprises","2019","Other specialised construction activities (439)","Number","9135"
"Construction Enterprises","2019","Construction (41 to 43)","Number","59175"
"Construction Enterprises","2020","Development of building projects (411)","Number","4265"
"Construction Enterprises","2020","Construction of residential and non-residential buildings (412)","Number","12998"
"Construction Enterprises","2020","Construction of roads and railways (421)","Number","778"
"Construction Enterprises","2020","Construction of utility projects (422)","Number","312"
"Construction Enterprises","2020","Construction of other civil engineering projects (429)","Number","603"
"Construction Enterprises","2020","Demolition and site preparation (431)","Number","806"
"Construction Enterprises","2020","Electrical, plumbing and other construction installation activities (432)","Number","11642"
"Construction Enterprises","2020","Building completion and finishing (433)","Number","21102"
"Construction Enterprises","2020","Other specialised construction activities (439)","Number","10158"
"Construction Enterprises","2020","Construction (41 to 43)","Number","62664"
"Employees - Manual","2019","Development of building projects (411)","Number",""
"Employees - Manual","2019","Construction of residential and non-residential buildings (412)","Number",""
"Employees - Manual","2019","Construction of roads and railways (421)","Number",""
"Employees - Manual","2019","Construction of utility projects (422)","Number",""
"Employees - Manual","2019","Construction of other civil engineering projects (429)","Number",""
"Employees - Manual","2019","Demolition and site preparation (431)","Number",""
"Employees - Manual","2019","Electrical, plumbing and other construction installation activities (432)","Number",""
"Employees - Manual","2019","Building completion and finishing (433)","Number",""
"Employees - Manual","2019","Other specialised construction activities (439)","Number",""
"Employees - Manual","2019","Construction (41 to 43)","Number",""
"Employees - Manual","2020","Development of building projects (411)","Number",""
"Employees - Manual","2020","Construction of residential and non-residential buildings (412)","Number",""
"Employees - Manual","2020","Construction of roads and railways (421)","Number",""
"Employees - Manual","2020","Construction of utility projects (422)","Number",""
"Employees - Manual","2020","Construction of other civil engineering projects (429)","Number",""
"Employees - Manual","2020","Demolition and site preparation (431)","Number",""
"Employees - Manual","2020","Electrical, plumbing and other construction installation activities (432)","Number",""
"Employees - Manual","2020","Building completion and finishing (433)","Number",""
"Employees - Manual","2020","Other specialised construction activities (439)","Number",""
"Employees - Manual","2020","Construction (41 to 43)","Number",""
"Employees - Other","2019","Development of building projects (411)","Number",""
"Employees - Other","2019","Construction of residential and non-residential buildings (412)","Number",""
"Employees - Other","2019","Construction of roads and railways (421)","Number",""
"Employees - Other","2019","Construction of utility projects (422)","Number",""
"Employees - Other","2019","Construction of other civil engineering projects (429)","Number",""
"Employees - Other","2019","Demolition and site preparation (431)","Number",""
"Employees - Other","2019","Electrical, plumbing and other construction installation activities (432)","Number",""
"Employees - Other","2019","Building completion and finishing (433)","Number",""
"Employees - Other","2019","Other specialised construction activities (439)","Number",""
"Employees - Other","2019","Construction (41 to 43)","Number",""
"Employees - Other","2020","Development of building projects (411)","Number",""
"Employees - Other","2020","Construction of residential and non-residential buildings (412)","Number",""
"Employees - Other","2020","Construction of roads and railways (421)","Number",""
"Employees - Other","2020","Construction of utility projects (422)","Number",""
"Employees - Other","2020","Construction of other civil engineering projects (429)","Number",""
"Employees - Other","2020","Demolition and site preparation (431)","Number",""
"Employees - Other","2020","Electrical, plumbing and other construction installation activities (432)","Number",""
"Employees - Other","2020","Building completion and finishing (433)","Number",""
"Employees - Other","2020","Other specialised construction activities (439)","Number",""
"Employees - Other","2020","Construction (41 to 43)","Number",""
"Employees - Total","2019","Development of building projects (411)","Number","3386"
"Employees - Total","2019","Construction of residential and non-residential buildings (412)","Number","31494"
"Employees - Total","2019","Construction of roads and railways (421)","Number","4095"
"Employees - Total","2019","Construction of utility projects (422)","Number","2758"
"Employees - Total","2019","Construction of other civil engineering projects (429)","Number","3097"
"Employees - Total","2019","Demolition and site preparation (431)","Number","1886"
"Employees - Total","2019","Electrical, plumbing and other construction installation activities (432)","Number","36630"
"Employees - Total","2019","Building completion and finishing (433)","Number","18308"
"Employees - Total","2019","Other specialised construction activities (439)","Number","17270"
"Employees - Total","2019","Construction (41 to 43)","Number","118924"
"Employees - Total","2020","Development of building projects (411)","Number","3200"
"Employees - Total","2020","Construction of residential and non-residential buildings (412)","Number","30700"
"Employees - Total","2020","Construction of roads and railways (421)","Number","3988"
"Employees - Total","2020","Construction of utility projects (422)","Number","2978"
"Employees - Total","2020","Construction of other civil engineering projects (429)","Number","3111"
"Employees - Total","2020","Demolition and site preparation (431)","Number","1898"
"Employees - Total","2020","Electrical, plumbing and other construction installation activities (432)","Number","36208"
"Employees - Total","2020","Building completion and finishing (433)","Number","17093"
"Employees - Total","2020","Other specialised construction activities (439)","Number","16735"
"Employees - Total","2020","Construction (41 to 43)","Number","115911"
"Persons Engaged - Proprietors and Unpaid Family Workers","2019","Development of building projects (411)","Number",""
"Persons Engaged - Proprietors and Unpaid Family Workers","2019","Construction of residential and non-residential buildings (412)","Number",""
"Persons Engaged - Proprietors and Unpaid Family Workers","2019","Construction of roads and railways (421)","Number",""
"Persons Engaged - Proprietors and Unpaid Family Workers","2019","Construction of utility projects (422)","Number",""
"Persons Engaged - Proprietors and Unpaid Family Workers","2019","Construction of other civil engineering projects (429)","Number",""
"Persons Engaged - Proprietors and Unpaid Family Workers","2019","Demolition and site preparation (431)","Number",""
"Persons Engaged - Proprietors and Unpaid Family Workers","2019","Electrical, plumbing and other construction installation activities (432)","Number",""
"Persons Engaged - Proprietors and Unpaid Family Workers","2019","Building completion and finishing (433)","Number",""
"Persons Engaged - Proprietors and Unpaid Family Workers","2019","Other specialised construction activities (439)","Number",""
"Persons Engaged - Proprietors and Unpaid Family Workers","2019","Construction (41 to 43)","Number",""
"Persons Engaged - Proprietors and Unpaid Family Workers","2020","Development of building projects (411)","Number",""
"Persons Engaged - Proprietors and Unpaid Family Workers","2020","Construction of residential and non-residential buildings (412)","Number",""
"Persons Engaged - Proprietors and Unpaid Family Workers","2020","Construction of roads and railways (421)","Number",""
"Persons Engaged - Proprietors and Unpaid Family Workers","2020","Construction of utility projects (422)","Number",""
"Persons Engaged - Proprietors and Unpaid Family Workers","2020","Construction of other civil engineering projects (429)","Number",""
"Persons Engaged - Proprietors and Unpaid Family Workers","2020","Demolition and site preparation (431)","Number",""
"Persons Engaged - Proprietors and Unpaid Family Workers","2020","Electrical, plumbing and other construction installation activities (432)","Number",""
"Persons Engaged - Proprietors and Unpaid Family Workers","2020","Building completion and finishing (433)","Number",""
"Persons Engaged - Proprietors and Unpaid Family Workers","2020","Other specialised construction activities (439)","Number",""
"Persons Engaged - Proprietors and Unpaid Family Workers","2020","Construction (41 to 43)","Number",""
"Persons Engaged - Labour only subcontract basis","2019","Development of building projects (411)","Number",""
"Persons Engaged - Labour only subcontract basis","2019","Construction of residential and non-residential buildings (412)","Number",""
"Persons Engaged - Labour only subcontract basis","2019","Construction of roads and railways (421)","Number",""
"Persons Engaged - Labour only subcontract basis","2019","Construction of utility projects (422)","Number",""
"Persons Engaged - Labour only subcontract basis","2019","Construction of other civil engineering projects (429)","Number",""
"Persons Engaged - Labour only subcontract basis","2019","Demolition and site preparation (431)","Number",""
"Persons Engaged - Labour only subcontract basis","2019","Electrical, plumbing and other construction installation activities (432)","Number",""
"Persons Engaged - Labour only subcontract basis","2019","Building completion and finishing (433)","Number",""
"Persons Engaged - Labour only subcontract basis","2019","Other specialised construction activities (439)","Number",""
"Persons Engaged - Labour only subcontract basis","2019","Construction (41 to 43)","Number",""
"Persons Engaged - Labour only subcontract basis","2020","Development of building projects (411)","Number",""
"Persons Engaged - Labour only subcontract basis","2020","Construction of residential and non-residential buildings (412)","Number",""
"Persons Engaged - Labour only subcontract basis","2020","Construction of roads and railways (421)","Number",""
"Persons Engaged - Labour only subcontract basis","2020","Construction of utility projects (422)","Number",""
"Persons Engaged - Labour only subcontract basis","2020","Construction of other civil engineering projects (429)","Number",""
"Persons Engaged - Labour only subcontract basis","2020","Demolition and site preparation (431)","Number",""
"Persons Engaged - Labour only subcontract basis","2020","Electrical, plumbing and other construction installation activities (432)","Number",""
"Persons Engaged - Labour only subcontract basis","2020","Building completion and finishing (433)","Number",""
"Persons Engaged - Labour only subcontract basis","2020","Other specialised construction activities (439)","Number",""
"Persons Engaged - Labour only subcontract basis","2020","Construction (41 to 43)","Number",""
"Persons Engaged - Total","2019","Development of building projects (411)","Number","3858"
"Persons Engaged - Total","2019","Construction of residential and non-residential buildings (412)","Number","37766"
"Persons Engaged - Total","2019","Construction of roads and railways (421)","Number","4508"
"Persons Engaged - Total","2019","Construction of utility projects (422)","Number","2879"
"Persons Engaged - Total","2019","Construction of other civil engineering projects (429)","Number","3246"
"Persons Engaged - Total","2019","Demolition and site preparation (431)","Number","2364"
"Persons Engaged - Total","2019","Electrical, plumbing and other construction installation activities (432)","Number","43914"
"Persons Engaged - Total","2019","Building completion and finishing (433)","Number","35597"
"Persons Engaged - Total","2019","Other specialised construction activities (439)","Number","24095"
"Persons Engaged - Total","2019","Construction (41 to 43)","Number","158227"
"Persons Engaged - Total","2020","Development of building projects (411)","Number","3657"
"Persons Engaged - Total","2020","Construction of residential and non-residential buildings (412)","Number","37486"
"Persons Engaged - Total","2020","Construction of roads and railways (421)","Number","4400"
"Persons Engaged - Total","2020","Construction of utility projects (422)","Number","3094"
"Persons Engaged - Total","2020","Construction of other civil engineering projects (429)","Number","3273"
"Persons Engaged - Total","2020","Demolition and site preparation (431)","Number","2417"
"Persons Engaged - Total","2020","Electrical, plumbing and other construction installation activities (432)","Number","43401"
"Persons Engaged - Total","2020","Building completion and finishing (433)","Number","35231"
"Persons Engaged - Total","2020","Other specialised construction activities (439)","Number","24390"
"Persons Engaged - Total","2020","Construction (41 to 43)","Number","157349"
"Wages and Salaries - Manual Employees","2019","Development of building projects (411)","Euro Thousand",""
"Wages and Salaries - Manual Employees","2019","Construction of residential and non-residential buildings (412)","Euro Thousand",""
"Wages and Salaries - Manual Employees","2019","Construction of roads and railways (421)","Euro Thousand",""
"Wages and Salaries - Manual Employees","2019","Construction of utility projects (422)","Euro Thousand",""
"Wages and Salaries - Manual Employees","2019","Construction of other civil engineering projects (429)","Euro Thousand",""
"Wages and Salaries - Manual Employees","2019","Demolition and site preparation (431)","Euro Thousand",""
"Wages and Salaries - Manual Employees","2019","Electrical, plumbing and other construction installation activities (432)","Euro Thousand",""
"Wages and Salaries - Manual Employees","2019","Building completion and finishing (433)","Euro Thousand",""
"Wages and Salaries - Manual Employees","2019","Other specialised construction activities (439)","Euro Thousand",""
"Wages and Salaries - Manual Employees","2019","Construction (41 to 43)","Euro Thousand",""
"Wages and Salaries - Manual Employees","2020","Development of building projects (411)","Euro Thousand",""
"Wages and Salaries - Manual Employees","2020","Construction of residential and non-residential buildings (412)","Euro Thousand",""
"Wages and Salaries - Manual Employees","2020","Construction of roads and railways (421)","Euro Thousand",""
"Wages and Salaries - Manual Employees","2020","Construction of utility projects (422)","Euro Thousand",""
"Wages and Salaries - Manual Employees","2020","Construction of other civil engineering projects (429)","Euro Thousand",""
"Wages and Salaries - Manual Employees","2020","Demolition and site preparation (431)","Euro Thousand",""
"Wages and Salaries - Manual Employees","2020","Electrical, plumbing and other construction installation activities (432)","Euro Thousand",""
"Wages and Salaries - Manual Employees","2020","Building completion and finishing (433)","Euro Thousand",""
"Wages and Salaries - Manual Employees","2020","Other specialised construction activities (439)","Euro Thousand",""
"Wages and Salaries - Manual Employees","2020","Construction (41 to 43)","Euro Thousand",""
"Wages and Salaries - Other Employees","2019","Development of building projects (411)","Euro Thousand",""
"Wages and Salaries - Other Employees","2019","Construction of residential and non-residential buildings (412)","Euro Thousand",""
"Wages and Salaries - Other Employees","2019","Construction of roads and railways (421)","Euro Thousand",""
"Wages and Salaries - Other Employees","2019","Construction of utility projects (422)","Euro Thousand",""
"Wages and Salaries - Other Employees","2019","Construction of other civil engineering projects (429)","Euro Thousand",""
"Wages and Salaries - Other Employees","2019","Demolition and site preparation (431)","Euro Thousand",""
"Wages and Salaries - Other Employees","2019","Electrical, plumbing and other construction installation activities (432)","Euro Thousand",""
"Wages and Salaries - Other Employees","2019","Building completion and finishing (433)","Euro Thousand",""
"Wages and Salaries - Other Employees","2019","Other specialised construction activities (439)","Euro Thousand",""
"Wages and Salaries - Other Employees","2019","Construction (41 to 43)","Euro Thousand",""
"Wages and Salaries - Other Employees","2020","Development of building projects (411)","Euro Thousand",""
"Wages and Salaries - Other Employees","2020","Construction of residential and non-residential buildings (412)","Euro Thousand",""
"Wages and Salaries - Other Employees","2020","Construction of roads and railways (421)","Euro Thousand",""
"Wages and Salaries - Other Employees","2020","Construction of utility projects (422)","Euro Thousand",""
"Wages and Salaries - Other Employees","2020","Construction of other civil engineering projects (429)","Euro Thousand",""
"Wages and Salaries - Other Employees","2020","Demolition and site preparation (431)","Euro Thousand",""
"Wages and Salaries - Other Employees","2020","Electrical, plumbing and other construction installation activities (432)","Euro Thousand",""
"Wages and Salaries - Other Employees","2020","Building completion and finishing (433)","Euro Thousand",""
"Wages and Salaries - Other Employees","2020","Other specialised construction activities (439)","Euro Thousand",""
"Wages and Salaries - Other Employees","2020","Construction (41 to 43)","Euro Thousand",""
"Wages and Salaries - Manual and Other Employees","2019","Development of building projects (411)","Euro Thousand",""
"Wages and Salaries - Manual and Other Employees","2019","Construction of residential and non-residential buildings (412)","Euro Thousand",""
"Wages and Salaries - Manual and Other Employees","2019","Construction of roads and railways (421)","Euro Thousand",""
"Wages and Salaries - Manual and Other Employees","2019","Construction of utility projects (422)","Euro Thousand",""
"Wages and Salaries - Manual and Other Employees","2019","Construction of other civil engineering projects (429)","Euro Thousand",""
"Wages and Salaries - Manual and Other Employees","2019","Demolition and site preparation (431)","Euro Thousand",""
"Wages and Salaries - Manual and Other Employees","2019","Electrical, plumbing and other construction installation activities (432)","Euro Thousand",""
"Wages and Salaries - Manual and Other Employees","2019","Building completion and finishing (433)","Euro Thousand",""
"Wages and Salaries - Manual and Other Employees","2019","Other specialised construction activities (439)","Euro Thousand",""
"Wages and Salaries - Manual and Other Employees","2019","Construction (41 to 43)","Euro Thousand",""
"Wages and Salaries - Manual and Other Employees","2020","Development of building projects (411)","Euro Thousand",""
"Wages and Salaries - Manual and Other Employees","2020","Construction of residential and non-residential buildings (412)","Euro Thousand",""
"Wages and Salaries - Manual and Other Employees","2020","Construction of roads and railways (421)","Euro Thousand",""
"Wages and Salaries - Manual and Other Employees","2020","Construction of utility projects (422)","Euro Thousand",""
"Wages and Salaries - Manual and Other Employees","2020","Construction of other civil engineering projects (429)","Euro Thousand",""
"Wages and Salaries - Manual and Other Employees","2020","Demolition and site preparation (431)","Euro Thousand",""
"Wages and Salaries - Manual and Other Employees","2020","Electrical, plumbing and other construction installation activities (432)","Euro Thousand",""
"Wages and Salaries - Manual and Other Employees","2020","Building completion and finishing (433)","Euro Thousand",""
"Wages and Salaries - Manual and Other Employees","2020","Other specialised construction activities (439)","Euro Thousand",""
"Wages and Salaries - Manual and Other Employees","2020","Construction (41 to 43)","Euro Thousand",""
"Wages and Salaries - Labour only subcontractors","2019","Development of building projects (411)","Euro Thousand",""
"Wages and Salaries - Labour only subcontractors","2019","Construction of residential and non-residential buildings (412)","Euro Thousand",""
"Wages and Salaries - Labour only subcontractors","2019","Construction of roads and railways (421)","Euro Thousand",""
"Wages and Salaries - Labour only subcontractors","2019","Construction of utility projects (422)","Euro Thousand",""
"Wages and Salaries - Labour only subcontractors","2019","Construction of other civil engineering projects (429)","Euro Thousand",""
"Wages and Salaries - Labour only subcontractors","2019","Demolition and site preparation (431)","Euro Thousand",""
"Wages and Salaries - Labour only subcontractors","2019","Electrical, plumbing and other construction installation activities (432)","Euro Thousand",""
"Wages and Salaries - Labour only subcontractors","2019","Building completion and finishing (433)","Euro Thousand",""
"Wages and Salaries - Labour only subcontractors","2019","Other specialised construction activities (439)","Euro Thousand",""
"Wages and Salaries - Labour only subcontractors","2019","Construction (41 to 43)","Euro Thousand",""
"Wages and Salaries - Labour only subcontractors","2020","Development of building projects (411)","Euro Thousand",""
"Wages and Salaries - Labour only subcontractors","2020","Construction of residential and non-residential buildings (412)","Euro Thousand",""
"Wages and Salaries - Labour only subcontractors","2020","Construction of roads and railways (421)","Euro Thousand",""
"Wages and Salaries - Labour only subcontractors","2020","Construction of utility projects (422)","Euro Thousand",""
"Wages and Salaries - Labour only subcontractors","2020","Construction of other civil engineering projects (429)","Euro Thousand",""
"Wages and Salaries - Labour only subcontractors","2020","Demolition and site preparation (431)","Euro Thousand",""
"Wages and Salaries - Labour only subcontractors","2020","Electrical, plumbing and other construction installation activities (432)","Euro Thousand",""
"Wages and Salaries - Labour only subcontractors","2020","Building completion and finishing (433)","Euro Thousand",""
"Wages and Salaries - Labour only subcontractors","2020","Other specialised construction activities (439)","Euro Thousand",""
"Wages and Salaries - Labour only subcontractors","2020","Construction (41 to 43)","Euro Thousand",""
"Wages and Salaries - Total","2019","Development of building projects (411)","Euro Thousand","136003"
"Wages and Salaries - Total","2019","Construction of residential and non-residential buildings (412)","Euro Thousand","1223766"
"Wages and Salaries - Total","2019","Construction of roads and railways (421)","Euro Thousand","162711"
"Wages and Salaries - Total","2019","Construction of utility projects (422)","Euro Thousand","112041"
"Wages and Salaries - Total","2019","Construction of other civil engineering projects (429)","Euro Thousand","132659"
"Wages and Salaries - Total","2019","Demolition and site preparation (431)","Euro Thousand","63894"
"Wages and Salaries - Total","2019","Electrical, plumbing and other construction installation activities (432)","Euro Thousand","1374457"
"Wages and Salaries - Total","2019","Building completion and finishing (433)","Euro Thousand","495965"
"Wages and Salaries - Total","2019","Other specialised construction activities (439)","Euro Thousand","547330"
"Wages and Salaries - Total","2019","Construction (41 to 43)","Euro Thousand","4248826"
"Wages and Salaries - Total","2020","Development of building projects (411)","Euro Thousand","128092"
"Wages and Salaries - Total","2020","Construction of residential and non-residential buildings (412)","Euro Thousand","1101356"
"Wages and Salaries - Total","2020","Construction of roads and railways (421)","Euro Thousand","141856"
"Wages and Salaries - Total","2020","Construction of utility projects (422)","Euro Thousand","113455"
"Wages and Salaries - Total","2020","Construction of other civil engineering projects (429)","Euro Thousand","121718"
"Wages and Salaries - Total","2020","Demolition and site preparation (431)","Euro Thousand","66434"
"Wages and Salaries - Total","2020","Electrical, plumbing and other construction installation activities (432)","Euro Thousand","1309945"
"Wages and Salaries - Total","2020","Building completion and finishing (433)","Euro Thousand","424090"
"Wages and Salaries - Total","2020","Other specialised construction activities (439)","Euro Thousand","477619"
"Wages and Salaries - Total","2020","Construction (41 to 43)","Euro Thousand","3884565"
"Labour Costs - Other","2019","Development of building projects (411)","Euro Thousand","12839"
"Labour Costs - Other","2019","Construction of residential and non-residential buildings (412)","Euro Thousand","133596"
"Labour Costs - Other","2019","Construction of roads and railways (421)","Euro Thousand","18091"
"Labour Costs - Other","2019","Construction of utility projects (422)","Euro Thousand","13673"
"Labour Costs - Other","2019","Construction of other civil engineering projects (429)","Euro Thousand","13477"
"Labour Costs - Other","2019","Demolition and site preparation (431)","Euro Thousand","6224"
"Labour Costs - Other","2019","Electrical, plumbing and other construction installation activities (432)","Euro Thousand","141935"
"Labour Costs - Other","2019","Building completion and finishing (433)","Euro Thousand","47975"
"Labour Costs - Other","2019","Other specialised construction activities (439)","Euro Thousand","53384"
"Labour Costs - Other","2019","Construction (41 to 43)","Euro Thousand","441192"
"Labour Costs - Other","2020","Development of building projects (411)","Euro Thousand","11429"
"Labour Costs - Other","2020","Construction of residential and non-residential buildings (412)","Euro Thousand","122731"
"Labour Costs - Other","2020","Construction of roads and railways (421)","Euro Thousand","16432"
"Labour Costs - Other","2020","Construction of utility projects (422)","Euro Thousand","17090"
"Labour Costs - Other","2020","Construction of other civil engineering projects (429)","Euro Thousand","13106"
"Labour Costs - Other","2020","Demolition and site preparation (431)","Euro Thousand","7134"
"Labour Costs - Other","2020","Electrical, plumbing and other construction installation activities (432)","Euro Thousand","137020"
"Labour Costs - Other","2020","Building completion and finishing (433)","Euro Thousand","38042"
"Labour Costs - Other","2020","Other specialised construction activities (439)","Euro Thousand","49457"
"Labour Costs - Other","2020","Construction (41 to 43)","Euro Thousand","412441"
"Labour Costs - Total","2019","Development of building projects (411)","Euro Thousand","148776"
"Labour Costs - Total","2019","Construction of residential and non-residential buildings (412)","Euro Thousand","1357306"
"Labour Costs - Total","2019","Construction of roads and railways (421)","Euro Thousand","180791"
"Labour Costs - Total","2019","Construction of utility projects (422)","Euro Thousand","125714"
"Labour Costs - Total","2019","Construction of other civil engineering projects (429)","Euro Thousand","146115"
"Labour Costs - Total","2019","Demolition and site preparation (431)","Euro Thousand","70118"
"Labour Costs - Total","2019","Electrical, plumbing and other construction installation activities (432)","Euro Thousand","1516134"
"Labour Costs - Total","2019","Building completion and finishing (433)","Euro Thousand","543939"
"Labour Costs - Total","2019","Other specialised construction activities (439)","Euro Thousand","600714"
"Labour Costs - Total","2019","Construction (41 to 43)","Euro Thousand","4689607"
"Labour Costs - Total","2020","Development of building projects (411)","Euro Thousand","139262"
"Labour Costs - Total","2020","Construction of residential and non-residential buildings (412)","Euro Thousand","1223634"
"Labour Costs - Total","2020","Construction of roads and railways (421)","Euro Thousand","158260"
"Labour Costs - Total","2020","Construction of utility projects (422)","Euro Thousand","131502"
"Labour Costs - Total","2020","Construction of other civil engineering projects (429)","Euro Thousand","133674"
"Labour Costs - Total","2020","Demolition and site preparation (431)","Euro Thousand","73281"
"Labour Costs - Total","2020","Electrical, plumbing and other construction installation activities (432)","Euro Thousand","1446771"
"Labour Costs - Total","2020","Building completion and finishing (433)","Euro Thousand","461289"
"Labour Costs - Total","2020","Other specialised construction activities (439)","Euro Thousand","527002"
"Labour Costs - Total","2020","Construction (41 to 43)","Euro Thousand","4294674"
"Turnover - Principal","2019","Development of building projects (411)","Euro Thousand",""
"Turnover - Principal","2019","Construction of residential and non-residential buildings (412)","Euro Thousand",""
"Turnover - Principal","2019","Construction of roads and railways (421)","Euro Thousand",""
"Turnover - Principal","2019","Construction of utility projects (422)","Euro Thousand",""
"Turnover - Principal","2019","Construction of other civil engineering projects (429)","Euro Thousand",""
"Turnover - Principal","2019","Demolition and site preparation (431)","Euro Thousand",""
"Turnover - Principal","2019","Electrical, plumbing and other construction installation activities (432)","Euro Thousand",""
"Turnover - Principal","2019","Building completion and finishing (433)","Euro Thousand",""
"Turnover - Principal","2019","Other specialised construction activities (439)","Euro Thousand",""
"Turnover - Principal","2019","Construction (41 to 43)","Euro Thousand",""
"Turnover - Principal","2020","Development of building projects (411)","Euro Thousand",""
"Turnover - Principal","2020","Construction of residential and non-residential buildings (412)","Euro Thousand",""
"Turnover - Principal","2020","Construction of roads and railways (421)","Euro Thousand",""
"Turnover - Principal","2020","Construction of utility projects (422)","Euro Thousand",""
"Turnover - Principal","2020","Construction of other civil engineering projects (429)","Euro Thousand",""
"Turnover - Principal","2020","Demolition and site preparation (431)","Euro Thousand",""
"Turnover - Principal","2020","Electrical, plumbing and other construction installation activities (432)","Euro Thousand",""
"Turnover - Principal","2020","Building completion and finishing (433)","Euro Thousand",""
"Turnover - Principal","2020","Other specialised construction activities (439)","Euro Thousand",""
"Turnover - Principal","2020","Construction (41 to 43)","Euro Thousand",""
"Turnover - Subcontractor","2019","Development of building projects (411)","Euro Thousand",""
"Turnover - Subcontractor","2019","Construction of residential and non-residential buildings (412)","Euro Thousand",""
"Turnover - Subcontractor","2019","Construction of roads and railways (421)","Euro Thousand",""
"Turnover - Subcontractor","2019","Construction of utility projects (422)","Euro Thousand",""
"Turnover - Subcontractor","2019","Construction of other civil engineering projects (429)","Euro Thousand",""
"Turnover - Subcontractor","2019","Demolition and site preparation (431)","Euro Thousand",""
"Turnover - Subcontractor","2019","Electrical, plumbing and other construction installation activities (432)","Euro Thousand",""
"Turnover - Subcontractor","2019","Building completion and finishing (433)","Euro Thousand",""
"Turnover - Subcontractor","2019","Other specialised construction activities (439)","Euro Thousand",""
"Turnover - Subcontractor","2019","Construction (41 to 43)","Euro Thousand",""
"Turnover - Subcontractor","2020","Development of building projects (411)","Euro Thousand",""
"Turnover - Subcontractor","2020","Construction of residential and non-residential buildings (412)","Euro Thousand",""
"Turnover - Subcontractor","2020","Construction of roads and railways (421)","Euro Thousand",""
"Turnover - Subcontractor","2020","Construction of utility projects (422)","Euro Thousand",""
"Turnover - Subcontractor","2020","Construction of other civil engineering projects (429)","Euro Thousand",""
"Turnover - Subcontractor","2020","Demolition and site preparation (431)","Euro Thousand",""
"Turnover - Subcontractor","2020","Electrical, plumbing and other construction installation activities (432)","Euro Thousand",""
"Turnover - Subcontractor","2020","Building completion and finishing (433)","Euro Thousand",""
"Turnover - Subcontractor","2020","Other specialised construction activities (439)","Euro Thousand",""
"Turnover - Subcontractor","2020","Construction (41 to 43)","Euro Thousand",""
"Turnover - Manufacturing","2019","Development of building projects (411)","Euro Thousand",""
"Turnover - Manufacturing","2019","Construction of residential and non-residential buildings (412)","Euro Thousand",""
"Turnover - Manufacturing","2019","Construction of roads and railways (421)","Euro Thousand",""
"Turnover - Manufacturing","2019","Construction of utility projects (422)","Euro Thousand",""
"Turnover - Manufacturing","2019","Construction of other civil engineering projects (429)","Euro Thousand",""
"Turnover - Manufacturing","2019","Demolition and site preparation (431)","Euro Thousand",""
"Turnover - Manufacturing","2019","Electrical, plumbing and other construction installation activities (432)","Euro Thousand",""
"Turnover - Manufacturing","2019","Building completion and finishing (433)","Euro Thousand",""
"Turnover - Manufacturing","2019","Other specialised construction activities (439)","Euro Thousand",""
"Turnover - Manufacturing","2019","Construction (41 to 43)","Euro Thousand",""
"Turnover - Manufacturing","2020","Development of building projects (411)","Euro Thousand",""
"Turnover - Manufacturing","2020","Construction of residential and non-residential buildings (412)","Euro Thousand",""
"Turnover - Manufacturing","2020","Construction of roads and railways (421)","Euro Thousand",""
"Turnover - Manufacturing","2020","Construction of utility projects (422)","Euro Thousand",""
"Turnover - Manufacturing","2020","Construction of other civil engineering projects (429)","Euro Thousand",""
"Turnover - Manufacturing","2020","Demolition and site preparation (431)","Euro Thousand",""
"Turnover - Manufacturing","2020","Electrical, plumbing and other construction installation activities (432)","Euro Thousand",""
"Turnover - Manufacturing","2020","Building completion and finishing (433)","Euro Thousand",""
"Turnover - Manufacturing","2020","Other specialised construction activities (439)","Euro Thousand",""
"Turnover - Manufacturing","2020","Construction (41 to 43)","Euro Thousand",""
"Turnover - Factored goods","2019","Development of building projects (411)","Euro Thousand",""
"Turnover - Factored goods","2019","Construction of residential and non-residential buildings (412)","Euro Thousand",""
"Turnover - Factored goods","2019","Construction of roads and railways (421)","Euro Thousand",""
"Turnover - Factored goods","2019","Construction of utility projects (422)","Euro Thousand",""
"Turnover - Factored goods","2019","Construction of other civil engineering projects (429)","Euro Thousand",""
"Turnover - Factored goods","2019","Demolition and site preparation (431)","Euro Thousand",""
"Turnover - Factored goods","2019","Electrical, plumbing and other construction installation activities (432)","Euro Thousand",""
"Turnover - Factored goods","2019","Building completion and finishing (433)","Euro Thousand",""
"Turnover - Factored goods","2019","Other specialised construction activities (439)","Euro Thousand",""
"Turnover - Factored goods","2019","Construction (41 to 43)","Euro Thousand",""
"Turnover - Factored goods","2020","Development of building projects (411)","Euro Thousand",""
"Turnover - Factored goods","2020","Construction of residential and non-residential buildings (412)","Euro Thousand",""
"Turnover - Factored goods","2020","Construction of roads and railways (421)","Euro Thousand",""
"Turnover - Factored goods","2020","Construction of utility projects (422)","Euro Thousand",""
"Turnover - Factored goods","2020","Construction of other civil engineering projects (429)","Euro Thousand",""
"Turnover - Factored goods","2020","Demolition and site preparation (431)","Euro Thousand",""
"Turnover - Factored goods","2020","Electrical, plumbing and other construction installation activities (432)","Euro Thousand",""
"Turnover - Factored goods","2020","Building completion and finishing (433)","Euro Thousand",""
"Turnover - Factored goods","2020","Other specialised construction activities (439)","Euro Thousand",""
"Turnover - Factored goods","2020","Construction (41 to 43)","Euro Thousand",""
"Turnover - Other","2019","Development of building projects (411)","Euro Thousand",""
"Turnover - Other","2019","Construction of residential and non-residential buildings (412)","Euro Thousand",""
"Turnover - Other","2019","Construction of roads and railways (421)","Euro Thousand",""
"Turnover - Other","2019","Construction of utility projects (422)","Euro Thousand",""
"Turnover - Other","2019","Construction of other civil engineering projects (429)","Euro Thousand",""
"Turnover - Other","2019","Demolition and site preparation (431)","Euro Thousand",""
"Turnover - Other","2019","Electrical, plumbing and other construction installation activities (432)","Euro Thousand",""
"Turnover - Other","2019","Building completion and finishing (433)","Euro Thousand",""
"Turnover - Other","2019","Other specialised construction activities (439)","Euro Thousand",""
"Turnover - Other","2019","Construction (41 to 43)","Euro Thousand",""
"Turnover - Other","2020","Development of building projects (411)","Euro Thousand",""
"Turnover - Other","2020","Construction of residential and non-residential buildings (412)","Euro Thousand",""
"Turnover - Other","2020","Construction of roads and railways (421)","Euro Thousand",""
"Turnover - Other","2020","Construction of utility projects (422)","Euro Thousand",""
"Turnover - Other","2020","Construction of other civil engineering projects (429)","Euro Thousand",""
"Turnover - Other","2020","Demolition and site preparation (431)","Euro Thousand",""
"Turnover - Other","2020","Electrical, plumbing and other construction installation activities (432)","Euro Thousand",""
"Turnover - Other","2020","Building completion and finishing (433)","Euro Thousand",""
"Turnover - Other","2020","Other specialised construction activities (439)","Euro Thousand",""
"Turnover - Other","2020","Construction (41 to 43)","Euro Thousand",""
"Turnover - Total","2019","Development of building projects (411)","Euro Thousand","3213635"
"Turnover - Total","2019","Construction of residential and non-residential buildings (412)","Euro Thousand","10217439"
"Turnover - Total","2019","Construction of roads and railways (421)","Euro Thousand","916537"
"Turnover - Total","2019","Construction of utility projects (422)","Euro Thousand","548073"
"Turnover - Total","2019","Construction of other civil engineering projects (429)","Euro Thousand","658348"
"Turnover - Total","2019","Demolition and site preparation (431)","Euro Thousand","423200"
"Turnover - Total","2019","Electrical, plumbing and other construction installation activities (432)","Euro Thousand","6204282"
"Turnover - Total","2019","Building completion and finishing (433)","Euro Thousand","3078074"
"Turnover - Total","2019","Other specialised construction activities (439)","Euro Thousand","2799672"
"Turnover - Total","2019","Construction (41 to 43)","Euro Thousand","28059258"
"Turnover - Total","2020","Development of building projects (411)","Euro Thousand","4405722"
"Turnover - Total","2020","Construction of residential and non-residential buildings (412)","Euro Thousand","10435971"
"Turnover - Total","2020","Construction of roads and railways (421)","Euro Thousand","878939"
"Turnover - Total","2020","Construction of utility projects (422)","Euro Thousand","596022"
"Turnover - Total","2020","Construction of other civil engineering projects (429)","Euro Thousand","641160"
"Turnover - Total","2020","Demolition and site preparation (431)","Euro Thousand","679246"
"Turnover - Total","2020","Electrical, plumbing and other construction installation activities (432)","Euro Thousand","6147140"
"Turnover - Total","2020","Building completion and finishing (433)","Euro Thousand","2724390"
"Turnover - Total","2020","Other specialised construction activities (439)","Euro Thousand","2687539"
"Turnover - Total","2020","Construction (41 to 43)","Euro Thousand","29196130"
"Payments to other subcontractors","2019","Development of building projects (411)","Euro Thousand",""
"Payments to other subcontractors","2019","Construction of residential and non-residential buildings (412)","Euro Thousand",""
"Payments to other subcontractors","2019","Construction of roads and railways (421)","Euro Thousand",""
"Payments to other subcontractors","2019","Construction of utility projects (422)","Euro Thousand",""
"Payments to other subcontractors","2019","Construction of other civil engineering projects (429)","Euro Thousand",""
"Payments to other subcontractors","2019","Demolition and site preparation (431)","Euro Thousand",""
"Payments to other subcontractors","2019","Electrical, plumbing and other construction installation activities (432)","Euro Thousand",""
"Payments to other subcontractors","2019","Building completion and finishing (433)","Euro Thousand",""
"Payments to other subcontractors","2019","Other specialised construction activities (439)","Euro Thousand",""
"Payments to other subcontractors","2019","Construction (41 to 43)","Euro Thousand",""
"Payments to other subcontractors","2020","Development of building projects (411)","Euro Thousand",""
"Payments to other subcontractors","2020","Construction of residential and non-residential buildings (412)","Euro Thousand",""
"Payments to other subcontractors","2020","Construction of roads and railways (421)","Euro Thousand",""
"Payments to other subcontractors","2020","Construction of utility projects (422)","Euro Thousand",""
"Payments to other subcontractors","2020","Construction of other civil engineering projects (429)","Euro Thousand",""
"Payments to other subcontractors","2020","Demolition and site preparation (431)","Euro Thousand",""
"Payments to other subcontractors","2020","Electrical, plumbing and other construction installation activities (432)","Euro Thousand",""
"Payments to other subcontractors","2020","Building completion and finishing (433)","Euro Thousand",""
"Payments to other subcontractors","2020","Other specialised construction activities (439)","Euro Thousand",""
"Payments to other subcontractors","2020","Construction (41 to 43)","Euro Thousand",""
"Turnover less payments to subcontractors","2019","Development of building projects (411)","Euro Thousand",""
"Turnover less payments to subcontractors","2019","Construction of residential and non-residential buildings (412)","Euro Thousand",""
"Turnover less payments to subcontractors","2019","Construction of roads and railways (421)","Euro Thousand",""
"Turnover less payments to subcontractors","2019","Construction of utility projects (422)","Euro Thousand",""
"Turnover less payments to subcontractors","2019","Construction of other civil engineering projects (429)","Euro Thousand",""
"Turnover less payments to subcontractors","2019","Demolition and site preparation (431)","Euro Thousand",""
"Turnover less payments to subcontractors","2019","Electrical, plumbing and other construction installation activities (432)","Euro Thousand",""
"Turnover less payments to subcontractors","2019","Building completion and finishing (433)","Euro Thousand",""
"Turnover less payments to subcontractors","2019","Other specialised construction activities (439)","Euro Thousand",""
"Turnover less payments to subcontractors","2019","Construction (41 to 43)","Euro Thousand",""
"Turnover less payments to subcontractors","2020","Development of building projects (411)","Euro Thousand",""
"Turnover less payments to subcontractors","2020","Construction of residential and non-residential buildings (412)","Euro Thousand",""
"Turnover less payments to subcontractors","2020","Construction of roads and railways (421)","Euro Thousand",""
"Turnover less payments to subcontractors","2020","Construction of utility projects (422)","Euro Thousand",""
"Turnover less payments to subcontractors","2020","Construction of other civil engineering projects (429)","Euro Thousand",""
"Turnover less payments to subcontractors","2020","Demolition and site preparation (431)","Euro Thousand",""
"Turnover less payments to subcontractors","2020","Electrical, plumbing and other construction installation activities (432)","Euro Thousand",""
"Turnover less payments to subcontractors","2020","Building completion and finishing (433)","Euro Thousand",""
"Turnover less payments to subcontractors","2020","Other specialised construction activities (439)","Euro Thousand",""
"Turnover less payments to subcontractors","2020","Construction (41 to 43)","Euro Thousand",""
"Assets made for own use","2019","Development of building projects (411)","Euro Thousand",""
"Assets made for own use","2019","Construction of residential and non-residential buildings (412)","Euro Thousand",""
"Assets made for own use","2019","Construction of roads and railways (421)","Euro Thousand",""
"Assets made for own use","2019","Construction of utility projects (422)","Euro Thousand",""
"Assets made for own use","2019","Construction of other civil engineering projects (429)","Euro Thousand",""
"Assets made for own use","2019","Demolition and site preparation (431)","Euro Thousand",""
"Assets made for own use","2019","Electrical, plumbing and other construction installation activities (432)","Euro Thousand",""
"Assets made for own use","2019","Building completion and finishing (433)","Euro Thousand",""
"Assets made for own use","2019","Other specialised construction activities (439)","Euro Thousand",""
"Assets made for own use","2019","Construction (41 to 43)","Euro Thousand",""
"Assets made for own use","2020","Development of building projects (411)","Euro Thousand",""
"Assets made for own use","2020","Construction of residential and non-residential buildings (412)","Euro Thousand",""
"Assets made for own use","2020","Construction of roads and railways (421)","Euro Thousand",""
"Assets made for own use","2020","Construction of utility projects (422)","Euro Thousand",""
"Assets made for own use","2020","Construction of other civil engineering projects (429)","Euro Thousand",""
"Assets made for own use","2020","Demolition and site preparation (431)","Euro Thousand",""
"Assets made for own use","2020","Electrical, plumbing and other construction installation activities (432)","Euro Thousand",""
"Assets made for own use","2020","Building completion and finishing (433)","Euro Thousand",""
"Assets made for own use","2020","Other specialised construction activities (439)","Euro Thousand",""
"Assets made for own use","2020","Construction (41 to 43)","Euro Thousand",""
"Purchases - Materials and energy","2019","Development of building projects (411)","Euro Thousand",""
"Purchases - Materials and energy","2019","Construction of residential and non-residential buildings (412)","Euro Thousand",""
"Purchases - Materials and energy","2019","Construction of roads and railways (421)","Euro Thousand",""
"Purchases - Materials and energy","2019","Construction of utility projects (422)","Euro Thousand",""
"Purchases - Materials and energy","2019","Construction of other civil engineering projects (429)","Euro Thousand",""
"Purchases - Materials and energy","2019","Demolition and site preparation (431)","Euro Thousand",""
"Purchases - Materials and energy","2019","Electrical, plumbing and other construction installation activities (432)","Euro Thousand",""
"Purchases - Materials and energy","2019","Building completion and finishing (433)","Euro Thousand",""
"Purchases - Materials and energy","2019","Other specialised construction activities (439)","Euro Thousand",""
"Purchases - Materials and energy","2019","Construction (41 to 43)","Euro Thousand",""
"Purchases - Materials and energy","2020","Development of building projects (411)","Euro Thousand",""
"Purchases - Materials and energy","2020","Construction of residential and non-residential buildings (412)","Euro Thousand",""
"Purchases - Materials and energy","2020","Construction of roads and railways (421)","Euro Thousand",""
"Purchases - Materials and energy","2020","Construction of utility projects (422)","Euro Thousand",""
"Purchases - Materials and energy","2020","Construction of other civil engineering projects (429)","Euro Thousand",""
"Purchases - Materials and energy","2020","Demolition and site preparation (431)","Euro Thousand",""
"Purchases - Materials and energy","2020","Electrical, plumbing and other construction installation activities (432)","Euro Thousand",""
"Purchases - Materials and energy","2020","Building completion and finishing (433)","Euro Thousand",""
"Purchases - Materials and energy","2020","Other specialised construction activities (439)","Euro Thousand",""
"Purchases - Materials and energy","2020","Construction (41 to 43)","Euro Thousand",""
"Purchases - Industrial services","2019","Development of building projects (411)","Euro Thousand",""
"Purchases - Industrial services","2019","Construction of residential and non-residential buildings (412)","Euro Thousand",""
"Purchases - Industrial services","2019","Construction of roads and railways (421)","Euro Thousand",""
"Purchases - Industrial services","2019","Construction of utility projects (422)","Euro Thousand",""
"Purchases - Industrial services","2019","Construction of other civil engineering projects (429)","Euro Thousand",""
"Purchases - Industrial services","2019","Demolition and site preparation (431)","Euro Thousand",""
"Purchases - Industrial services","2019","Electrical, plumbing and other construction installation activities (432)","Euro Thousand",""
"Purchases - Industrial services","2019","Building completion and finishing (433)","Euro Thousand",""
"Purchases - Industrial services","2019","Other specialised construction activities (439)","Euro Thousand",""
"Purchases - Industrial services","2019","Construction (41 to 43)","Euro Thousand",""
"Purchases - Industrial services","2020","Development of building projects (411)","Euro Thousand",""
"Purchases - Industrial services","2020","Construction of residential and non-residential buildings (412)","Euro Thousand",""
"Purchases - Industrial services","2020","Construction of roads and railways (421)","Euro Thousand",""
"Purchases - Industrial services","2020","Construction of utility projects (422)","Euro Thousand",""
"Purchases - Industrial services","2020","Construction of other civil engineering projects (429)","Euro Thousand",""
"Purchases - Industrial services","2020","Demolition and site preparation (431)","Euro Thousand",""
"Purchases - Industrial services","2020","Electrical, plumbing and other construction installation activities (432)","Euro Thousand",""
"Purchases - Industrial services","2020","Building completion and finishing (433)","Euro Thousand",""
"Purchases - Industrial services","2020","Other specialised construction activities (439)","Euro Thousand",""
"Purchases - Industrial services","2020","Construction (41 to 43)","Euro Thousand",""
"Purchases - Factored goods","2019","Development of building projects (411)","Euro Thousand","7"
"Purchases - Factored goods","2019","Construction of residential and non-residential buildings (412)","Euro Thousand","24"
"Purchases - Factored goods","2019","Construction of roads and railways (421)","Euro Thousand","0"
"Purchases - Factored goods","2019","Construction of utility projects (422)","Euro Thousand","0"
"Purchases - Factored goods","2019","Construction of other civil engineering projects (429)","Euro Thousand","0"
"Purchases - Factored goods","2019","Demolition and site preparation (431)","Euro Thousand","1191"
"Purchases - Factored goods","2019","Electrical, plumbing and other construction installation activities (432)","Euro Thousand","27035"
"Purchases - Factored goods","2019","Building completion and finishing (433)","Euro Thousand","10364"
"Purchases - Factored goods","2019","Other specialised construction activities (439)","Euro Thousand","9218"
"Purchases - Factored goods","2019","Construction (41 to 43)","Euro Thousand","47838"
"Purchases - Factored goods","2020","Development of building projects (411)","Euro Thousand","1660"
"Purchases - Factored goods","2020","Construction of residential and non-residential buildings (412)","Euro Thousand","4693"
"Purchases - Factored goods","2020","Construction of roads and railways (421)","Euro Thousand","158"
"Purchases - Factored goods","2020","Construction of utility projects (422)","Euro Thousand","423"
"Purchases - Factored goods","2020","Construction of other civil engineering projects (429)","Euro Thousand","133"
"Purchases - Factored goods","2020","Demolition and site preparation (431)","Euro Thousand","1297"
"Purchases - Factored goods","2020","Electrical, plumbing and other construction installation activities (432)","Euro Thousand","16907"
"Purchases - Factored goods","2020","Building completion and finishing (433)","Euro Thousand","5698"
"Purchases - Factored goods","2020","Other specialised construction activities (439)","Euro Thousand","5050"
"Purchases - Factored goods","2020","Construction (41 to 43)","Euro Thousand","36019"
"Purchases - Other goods/services","2019","Development of building projects (411)","Euro Thousand",""
"Purchases - Other goods/services","2019","Construction of residential and non-residential buildings (412)","Euro Thousand",""
"Purchases - Other goods/services","2019","Construction of roads and railways (421)","Euro Thousand",""
"Purchases - Other goods/services","2019","Construction of utility projects (422)","Euro Thousand",""
"Purchases - Other goods/services","2019","Construction of other civil engineering projects (429)","Euro Thousand",""
"Purchases - Other goods/services","2019","Demolition and site preparation (431)","Euro Thousand",""
"Purchases - Other goods/services","2019","Electrical, plumbing and other construction installation activities (432)","Euro Thousand",""
"Purchases - Other goods/services","2019","Building completion and finishing (433)","Euro Thousand",""
"Purchases - Other goods/services","2019","Other specialised construction activities (439)","Euro Thousand",""
"Purchases - Other goods/services","2019","Construction (41 to 43)","Euro Thousand",""
"Purchases - Other goods/services","2020","Development of building projects (411)","Euro Thousand",""
"Purchases - Other goods/services","2020","Construction of residential and non-residential buildings (412)","Euro Thousand",""
"Purchases - Other goods/services","2020","Construction of roads and railways (421)","Euro Thousand",""
"Purchases - Other goods/services","2020","Construction of utility projects (422)","Euro Thousand",""
"Purchases - Other goods/services","2020","Construction of other civil engineering projects (429)","Euro Thousand",""
"Purchases - Other goods/services","2020","Demolition and site preparation (431)","Euro Thousand",""
"Purchases - Other goods/services","2020","Electrical, plumbing and other construction installation activities (432)","Euro Thousand",""
"Purchases - Other goods/services","2020","Building completion and finishing (433)","Euro Thousand",""
"Purchases - Other goods/services","2020","Other specialised construction activities (439)","Euro Thousand",""
"Purchases - Other goods/services","2020","Construction (41 to 43)","Euro Thousand",""
"Purchases - Total","2019","Development of building projects (411)","Euro Thousand","3890611"
"Purchases - Total","2019","Construction of residential and non-residential buildings (412)","Euro Thousand","10838193"
"Purchases - Total","2019","Construction of roads and railways (421)","Euro Thousand","945578"
"Purchases - Total","2019","Construction of utility projects (422)","Euro Thousand","532572"
"Purchases - Total","2019","Construction of other civil engineering projects (429)","Euro Thousand","517523"
"Purchases - Total","2019","Demolition and site preparation (431)","Euro Thousand","311527"
"Purchases - Total","2019","Electrical, plumbing and other construction installation activities (432)","Euro Thousand","5630725"
"Purchases - Total","2019","Building completion and finishing (433)","Euro Thousand","2787627"
"Purchases - Total","2019","Other specialised construction activities (439)","Euro Thousand","2469516"
"Purchases - Total","2019","Construction (41 to 43)","Euro Thousand","27923872"
"Purchases - Total","2020","Development of building projects (411)","Euro Thousand","5129659"
"Purchases - Total","2020","Construction of residential and non-residential buildings (412)","Euro Thousand","11453894"
"Purchases - Total","2020","Construction of roads and railways (421)","Euro Thousand","935716"
"Purchases - Total","2020","Construction of utility projects (422)","Euro Thousand","667397"
"Purchases - Total","2020","Construction of other civil engineering projects (429)","Euro Thousand","627599"
"Purchases - Total","2020","Demolition and site preparation (431)","Euro Thousand","525774"
"Purchases - Total","2020","Electrical, plumbing and other construction installation activities (432)","Euro Thousand","5336001"
"Purchases - Total","2020","Building completion and finishing (433)","Euro Thousand","2399723"
"Purchases - Total","2020","Other specialised construction activities (439)","Euro Thousand","2226335"
"Purchases - Total","2020","Construction (41 to 43)","Euro Thousand","29302099"
"Stocks at end of year - Work in progress","2019","Development of building projects (411)","Euro Thousand",""
"Stocks at end of year - Work in progress","2019","Construction of residential and non-residential buildings (412)","Euro Thousand",""
"Stocks at end of year - Work in progress","2019","Construction of roads and railways (421)","Euro Thousand",""
"Stocks at end of year - Work in progress","2019","Construction of utility projects (422)","Euro Thousand",""
"Stocks at end of year - Work in progress","2019","Construction of other civil engineering projects (429)","Euro Thousand",""
"Stocks at end of year - Work in progress","2019","Demolition and site preparation (431)","Euro Thousand",""
"Stocks at end of year - Work in progress","2019","Electrical, plumbing and other construction installation activities (432)","Euro Thousand",""
"Stocks at end of year - Work in progress","2019","Building completion and finishing (433)","Euro Thousand",""
"Stocks at end of year - Work in progress","2019","Other specialised construction activities (439)","Euro Thousand",""
"Stocks at end of year - Work in progress","2019","Construction (41 to 43)","Euro Thousand",""
"Stocks at end of year - Work in progress","2020","Development of building projects (411)","Euro Thousand",""
"Stocks at end of year - Work in progress","2020","Construction of residential and non-residential buildings (412)","Euro Thousand",""
"Stocks at end of year - Work in progress","2020","Construction of roads and railways (421)","Euro Thousand",""
"Stocks at end of year - Work in progress","2020","Construction of utility projects (422)","Euro Thousand",""
"Stocks at end of year - Work in progress","2020","Construction of other civil engineering projects (429)","Euro Thousand",""
"Stocks at end of year - Work in progress","2020","Demolition and site preparation (431)","Euro Thousand",""
"Stocks at end of year - Work in progress","2020","Electrical, plumbing and other construction installation activities (432)","Euro Thousand",""
"Stocks at end of year - Work in progress","2020","Building completion and finishing (433)","Euro Thousand",""
"Stocks at end of year - Work in progress","2020","Other specialised construction activities (439)","Euro Thousand",""
"Stocks at end of year - Work in progress","2020","Construction (41 to 43)","Euro Thousand",""
"Stocks at end of year - Unsold finished work","2019","Development of building projects (411)","Euro Thousand",""
"Stocks at end of year - Unsold finished work","2019","Construction of residential and non-residential buildings (412)","Euro Thousand",""
"Stocks at end of year - Unsold finished work","2019","Construction of roads and railways (421)","Euro Thousand",""
"Stocks at end of year - Unsold finished work","2019","Construction of utility projects (422)","Euro Thousand",""
"Stocks at end of year - Unsold finished work","2019","Construction of other civil engineering projects (429)","Euro Thousand",""
"Stocks at end of year - Unsold finished work","2019","Demolition and site preparation (431)","Euro Thousand",""
"Stocks at end of year - Unsold finished work","2019","Electrical, plumbing and other construction installation activities (432)","Euro Thousand",""
"Stocks at end of year - Unsold finished work","2019","Building completion and finishing (433)","Euro Thousand",""
"Stocks at end of year - Unsold finished work","2019","Other specialised construction activities (439)","Euro Thousand",""
"Stocks at end of year - Unsold finished work","2019","Construction (41 to 43)","Euro Thousand",""
"Stocks at end of year - Unsold finished work","2020","Development of building projects (411)","Euro Thousand",""
"Stocks at end of year - Unsold finished work","2020","Construction of residential and non-residential buildings (412)","Euro Thousand",""
"Stocks at end of year - Unsold finished work","2020","Construction of roads and railways (421)","Euro Thousand",""
"Stocks at end of year - Unsold finished work","2020","Construction of utility projects (422)","Euro Thousand",""
"Stocks at end of year - Unsold finished work","2020","Construction of other civil engineering projects (429)","Euro Thousand",""
"Stocks at end of year - Unsold finished work","2020","Demolition and site preparation (431)","Euro Thousand",""
"Stocks at end of year - Unsold finished work","2020","Electrical, plumbing and other construction installation activities (432)","Euro Thousand",""
"Stocks at end of year - Unsold finished work","2020","Building completion and finishing (433)","Euro Thousand",""
"Stocks at end of year - Unsold finished work","2020","Other specialised construction activities (439)","Euro Thousand",""
"Stocks at end of year - Unsold finished work","2020","Construction (41 to 43)","Euro Thousand",""
"Stocks at end of year - Materials and energy","2019","Development of building projects (411)","Euro Thousand",""
"Stocks at end of year - Materials and energy","2019","Construction of residential and non-residential buildings (412)","Euro Thousand",""
"Stocks at end of year - Materials and energy","2019","Construction of roads and railways (421)","Euro Thousand",""
"Stocks at end of year - Materials and energy","2019","Construction of utility projects (422)","Euro Thousand",""
"Stocks at end of year - Materials and energy","2019","Construction of other civil engineering projects (429)","Euro Thousand",""
"Stocks at end of year - Materials and energy","2019","Demolition and site preparation (431)","Euro Thousand",""
"Stocks at end of year - Materials and energy","2019","Electrical, plumbing and other construction installation activities (432)","Euro Thousand",""
"Stocks at end of year - Materials and energy","2019","Building completion and finishing (433)","Euro Thousand",""
"Stocks at end of year - Materials and energy","2019","Other specialised construction activities (439)","Euro Thousand",""
"Stocks at end of year - Materials and energy","2019","Construction (41 to 43)","Euro Thousand",""
"Stocks at end of year - Materials and energy","2020","Development of building projects (411)","Euro Thousand",""
"Stocks at end of year - Materials and energy","2020","Construction of residential and non-residential buildings (412)","Euro Thousand",""
"Stocks at end of year - Materials and energy","2020","Construction of roads and railways (421)","Euro Thousand",""
"Stocks at end of year - Materials and energy","2020","Construction of utility projects (422)","Euro Thousand",""
"Stocks at end of year - Materials and energy","2020","Construction of other civil engineering projects (429)","Euro Thousand",""
"Stocks at end of year - Materials and energy","2020","Demolition and site preparation (431)","Euro Thousand",""
"Stocks at end of year - Materials and energy","2020","Electrical, plumbing and other construction installation activities (432)","Euro Thousand",""
"Stocks at end of year - Materials and energy","2020","Building completion and finishing (433)","Euro Thousand",""
"Stocks at end of year - Materials and energy","2020","Other specialised construction activities (439)","Euro Thousand",""
"Stocks at end of year - Materials and energy","2020","Construction (41 to 43)","Euro Thousand",""
"Stocks at end of year - Factored goods","2019","Development of building projects (411)","Euro Thousand",""
"Stocks at end of year - Factored goods","2019","Construction of residential and non-residential buildings (412)","Euro Thousand",""
"Stocks at end of year - Factored goods","2019","Construction of roads and railways (421)","Euro Thousand",""
"Stocks at end of year - Factored goods","2019","Construction of utility projects (422)","Euro Thousand",""
"Stocks at end of year - Factored goods","2019","Construction of other civil engineering projects (429)","Euro Thousand",""
"Stocks at end of year - Factored goods","2019","Demolition and site preparation (431)","Euro Thousand",""
"Stocks at end of year - Factored goods","2019","Electrical, plumbing and other construction installation activities (432)","Euro Thousand",""
"Stocks at end of year - Factored goods","2019","Building completion and finishing (433)","Euro Thousand",""
"Stocks at end of year - Factored goods","2019","Other specialised construction activities (439)","Euro Thousand",""
"Stocks at end of year - Factored goods","2019","Construction (41 to 43)","Euro Thousand",""
"Stocks at end of year - Factored goods","2020","Development of building projects (411)","Euro Thousand",""
"Stocks at end of year - Factored goods","2020","Construction of residential and non-residential buildings (412)","Euro Thousand",""
"Stocks at end of year - Factored goods","2020","Construction of roads and railways (421)","Euro Thousand",""
"Stocks at end of year - Factored goods","2020","Construction of utility projects (422)","Euro Thousand",""
"Stocks at end of year - Factored goods","2020","Construction of other civil engineering projects (429)","Euro Thousand",""
"Stocks at end of year - Factored goods","2020","Demolition and site preparation (431)","Euro Thousand",""
"Stocks at end of year - Factored goods","2020","Electrical, plumbing and other construction installation activities (432)","Euro Thousand",""
"Stocks at end of year - Factored goods","2020","Building completion and finishing (433)","Euro Thousand",""
"Stocks at end of year - Factored goods","2020","Other specialised construction activities (439)","Euro Thousand",""
"Stocks at end of year - Factored goods","2020","Construction (41 to 43)","Euro Thousand",""
"Stocks at end of year - Total","2019","Development of building projects (411)","Euro Thousand",""
"Stocks at end of year - Total","2019","Construction of residential and non-residential buildings (412)","Euro Thousand",""
"Stocks at end of year - Total","2019","Construction of roads and railways (421)","Euro Thousand",""
"Stocks at end of year - Total","2019","Construction of utility projects (422)","Euro Thousand",""
"Stocks at end of year - Total","2019","Construction of other civil engineering projects (429)","Euro Thousand",""
"Stocks at end of year - Total","2019","Demolition and site preparation (431)","Euro Thousand",""
"Stocks at end of year - Total","2019","Electrical, plumbing and other construction installation activities (432)","Euro Thousand",""
"Stocks at end of year - Total","2019","Building completion and finishing (433)","Euro Thousand",""
"Stocks at end of year - Total","2019","Other specialised construction activities (439)","Euro Thousand",""
"Stocks at end of year - Total","2019","Construction (41 to 43)","Euro Thousand",""
"Stocks at end of year - Total","2020","Development of building projects (411)","Euro Thousand",""
"Stocks at end of year - Total","2020","Construction of residential and non-residential buildings (412)","Euro Thousand",""
"Stocks at end of year - Total","2020","Construction of roads and railways (421)","Euro Thousand",""
"Stocks at end of year - Total","2020","Construction of utility projects (422)","Euro Thousand",""
"Stocks at end of year - Total","2020","Construction of other civil engineering projects (429)","Euro Thousand",""
"Stocks at end of year - Total","2020","Demolition and site preparation (431)","Euro Thousand",""
"Stocks at end of year - Total","2020","Electrical, plumbing and other construction installation activities (432)","Euro Thousand",""
"Stocks at end of year - Total","2020","Building completion and finishing (433)","Euro Thousand",""
"Stocks at end of year - Total","2020","Other specialised construction activities (439)","Euro Thousand",""
"Stocks at end of year - Total","2020","Construction (41 to 43)","Euro Thousand",""
"Stock changes - Work in progress","2019","Development of building projects (411)","Euro Thousand",""
"Stock changes - Work in progress","2019","Construction of residential and non-residential buildings (412)","Euro Thousand",""
"Stock changes - Work in progress","2019","Construction of roads and railways (421)","Euro Thousand",""
"Stock changes - Work in progress","2019","Construction of utility projects (422)","Euro Thousand",""
"Stock changes - Work in progress","2019","Construction of other civil engineering projects (429)","Euro Thousand",""
"Stock changes - Work in progress","2019","Demolition and site preparation (431)","Euro Thousand",""
"Stock changes - Work in progress","2019","Electrical, plumbing and other construction installation activities (432)","Euro Thousand",""
"Stock changes - Work in progress","2019","Building completion and finishing (433)","Euro Thousand",""
"Stock changes - Work in progress","2019","Other specialised construction activities (439)","Euro Thousand",""
"Stock changes - Work in progress","2019","Construction (41 to 43)","Euro Thousand",""
"Stock changes - Work in progress","2020","Development of building projects (411)","Euro Thousand",""
"Stock changes - Work in progress","2020","Construction of residential and non-residential buildings (412)","Euro Thousand",""
"Stock changes - Work in progress","2020","Construction of roads and railways (421)","Euro Thousand",""
"Stock changes - Work in progress","2020","Construction of utility projects (422)","Euro Thousand",""
"Stock changes - Work in progress","2020","Construction of other civil engineering projects (429)","Euro Thousand",""
"Stock changes - Work in progress","2020","Demolition and site preparation (431)","Euro Thousand",""
"Stock changes - Work in progress","2020","Electrical, plumbing and other construction installation activities (432)","Euro Thousand",""
"Stock changes - Work in progress","2020","Building completion and finishing (433)","Euro Thousand",""
"Stock changes - Work in progress","2020","Other specialised construction activities (439)","Euro Thousand",""
"Stock changes - Work in progress","2020","Construction (41 to 43)","Euro Thousand",""
"Stock changes - Unsold finished work","2019","Development of building projects (411)","Euro Thousand",""
"Stock changes - Unsold finished work","2019","Construction of residential and non-residential buildings (412)","Euro Thousand",""
"Stock changes - Unsold finished work","2019","Construction of roads and railways (421)","Euro Thousand",""
"Stock changes - Unsold finished work","2019","Construction of utility projects (422)","Euro Thousand",""
"Stock changes - Unsold finished work","2019","Construction of other civil engineering projects (429)","Euro Thousand",""
"Stock changes - Unsold finished work","2019","Demolition and site preparation (431)","Euro Thousand",""
"Stock changes - Unsold finished work","2019","Electrical, plumbing and other construction installation activities (432)","Euro Thousand",""
"Stock changes - Unsold finished work","2019","Building completion and finishing (433)","Euro Thousand",""
"Stock changes - Unsold finished work","2019","Other specialised construction activities (439)","Euro Thousand",""
"Stock changes - Unsold finished work","2019","Construction (41 to 43)","Euro Thousand",""
"Stock changes - Unsold finished work","2020","Development of building projects (411)","Euro Thousand",""
"Stock changes - Unsold finished work","2020","Construction of residential and non-residential buildings (412)","Euro Thousand",""
"Stock changes - Unsold finished work","2020","Construction of roads and railways (421)","Euro Thousand",""
"Stock changes - Unsold finished work","2020","Construction of utility projects (422)","Euro Thousand",""
"Stock changes - Unsold finished work","2020","Construction of other civil engineering projects (429)","Euro Thousand",""
"Stock changes - Unsold finished work","2020","Demolition and site preparation (431)","Euro Thousand",""
"Stock changes - Unsold finished work","2020","Electrical, plumbing and other construction installation activities (432)","Euro Thousand",""
"Stock changes - Unsold finished work","2020","Building completion and finishing (433)","Euro Thousand",""
"Stock changes - Unsold finished work","2020","Other specialised construction activities (439)","Euro Thousand",""
"Stock changes - Unsold finished work","2020","Construction (41 to 43)","Euro Thousand",""
"Stock changes - Materials and energy","2019","Development of building projects (411)","Euro Thousand",""
"Stock changes - Materials and energy","2019","Construction of residential and non-residential buildings (412)","Euro Thousand",""
"Stock changes - Materials and energy","2019","Construction of roads and railways (421)","Euro Thousand",""
"Stock changes - Materials and energy","2019","Construction of utility projects (422)","Euro Thousand",""
"Stock changes - Materials and energy","2019","Construction of other civil engineering projects (429)","Euro Thousand",""
"Stock changes - Materials and energy","2019","Demolition and site preparation (431)","Euro Thousand",""
"Stock changes - Materials and energy","2019","Electrical, plumbing and other construction installation activities (432)","Euro Thousand",""
"Stock changes - Materials and energy","2019","Building completion and finishing (433)","Euro Thousand",""
"Stock changes - Materials and energy","2019","Other specialised construction activities (439)","Euro Thousand",""
"Stock changes - Materials and energy","2019","Construction (41 to 43)","Euro Thousand",""
"Stock changes - Materials and energy","2020","Development of building projects (411)","Euro Thousand",""
"Stock changes - Materials and energy","2020","Construction of residential and non-residential buildings (412)","Euro Thousand",""
"Stock changes - Materials and energy","2020","Construction of roads and railways (421)","Euro Thousand",""
"Stock changes - Materials and energy","2020","Construction of utility projects (422)","Euro Thousand",""
"Stock changes - Materials and energy","2020","Construction of other civil engineering projects (429)","Euro Thousand",""
"Stock changes - Materials and energy","2020","Demolition and site preparation (431)","Euro Thousand",""
"Stock changes - Materials and energy","2020","Electrical, plumbing and other construction installation activities (432)","Euro Thousand",""
"Stock changes - Materials and energy","2020","Building completion and finishing (433)","Euro Thousand",""
"Stock changes - Materials and energy","2020","Other specialised construction activities (439)","Euro Thousand",""
"Stock changes - Materials and energy","2020","Construction (41 to 43)","Euro Thousand",""
"Stock changes - Factored goods","2019","Development of building projects (411)","Euro Thousand",""
"Stock changes - Factored goods","2019","Construction of residential and non-residential buildings (412)","Euro Thousand",""
"Stock changes - Factored goods","2019","Construction of roads and railways (421)","Euro Thousand",""
"Stock changes - Factored goods","2019","Construction of utility projects (422)","Euro Thousand",""
"Stock changes - Factored goods","2019","Construction of other civil engineering projects (429)","Euro Thousand",""
"Stock changes - Factored goods","2019","Demolition and site preparation (431)","Euro Thousand",""
"Stock changes - Factored goods","2019","Electrical, plumbing and other construction installation activities (432)","Euro Thousand",""
"Stock changes - Factored goods","2019","Building completion and finishing (433)","Euro Thousand",""
"Stock changes - Factored goods","2019","Other specialised construction activities (439)","Euro Thousand",""
"Stock changes - Factored goods","2019","Construction (41 to 43)","Euro Thousand",""
"Stock changes - Factored goods","2020","Development of building projects (411)","Euro Thousand",""
"Stock changes - Factored goods","2020","Construction of residential and non-residential buildings (412)","Euro Thousand",""
"Stock changes - Factored goods","2020","Construction of roads and railways (421)","Euro Thousand",""
"Stock changes - Factored goods","2020","Construction of utility projects (422)","Euro Thousand",""
"Stock changes - Factored goods","2020","Construction of other civil engineering projects (429)","Euro Thousand",""
"Stock changes - Factored goods","2020","Demolition and site preparation (431)","Euro Thousand",""
"Stock changes - Factored goods","2020","Electrical, plumbing and other construction installation activities (432)","Euro Thousand",""
"Stock changes - Factored goods","2020","Building completion and finishing (433)","Euro Thousand",""
"Stock changes - Factored goods","2020","Other specialised construction activities (439)","Euro Thousand",""
"Stock changes - Factored goods","2020","Construction (41 to 43)","Euro Thousand",""
"Stock changes - Total","2019","Development of building projects (411)","Euro Thousand",""
"Stock changes - Total","2019","Construction of residential and non-residential buildings (412)","Euro Thousand",""
"Stock changes - Total","2019","Construction of roads and railways (421)","Euro Thousand",""
"Stock changes - Total","2019","Construction of utility projects (422)","Euro Thousand",""
"Stock changes - Total","2019","Construction of other civil engineering projects (429)","Euro Thousand",""
"Stock changes - Total","2019","Demolition and site preparation (431)","Euro Thousand",""
"Stock changes - Total","2019","Electrical, plumbing and other construction installation activities (432)","Euro Thousand",""
"Stock changes - Total","2019","Building completion and finishing (433)","Euro Thousand",""
"Stock changes - Total","2019","Other specialised construction activities (439)","Euro Thousand",""
"Stock changes - Total","2019","Construction (41 to 43)","Euro Thousand",""
"Stock changes - Total","2020","Development of building projects (411)","Euro Thousand",""
"Stock changes - Total","2020","Construction of residential and non-residential buildings (412)","Euro Thousand",""
"Stock changes - Total","2020","Construction of roads and railways (421)","Euro Thousand",""
"Stock changes - Total","2020","Construction of utility projects (422)","Euro Thousand",""
"Stock changes - Total","2020","Construction of other civil engineering projects (429)","Euro Thousand",""
"Stock changes - Total","2020","Demolition and site preparation (431)","Euro Thousand",""
"Stock changes - Total","2020","Electrical, plumbing and other construction installation activities (432)","Euro Thousand",""
"Stock changes - Total","2020","Building completion and finishing (433)","Euro Thousand",""
"Stock changes - Total","2020","Other specialised construction activities (439)","Euro Thousand",""
"Stock changes - Total","2020","Construction (41 to 43)","Euro Thousand",""
"Capital assets - Acquisitions","2019","Development of building projects (411)","Euro Thousand",""
"Capital assets - Acquisitions","2019","Construction of residential and non-residential buildings (412)","Euro Thousand",""
"Capital assets - Acquisitions","2019","Construction of roads and railways (421)","Euro Thousand",""
"Capital assets - Acquisitions","2019","Construction of utility projects (422)","Euro Thousand",""
"Capital assets - Acquisitions","2019","Construction of other civil engineering projects (429)","Euro Thousand",""
"Capital assets - Acquisitions","2019","Demolition and site preparation (431)","Euro Thousand",""
"Capital assets - Acquisitions","2019","Electrical, plumbing and other construction installation activities (432)","Euro Thousand",""
"Capital assets - Acquisitions","2019","Building completion and finishing (433)","Euro Thousand",""
"Capital assets - Acquisitions","2019","Other specialised construction activities (439)","Euro Thousand",""
"Capital assets - Acquisitions","2019","Construction (41 to 43)","Euro Thousand",""
"Capital assets - Acquisitions","2020","Development of building projects (411)","Euro Thousand",""
"Capital assets - Acquisitions","2020","Construction of residential and non-residential buildings (412)","Euro Thousand",""
"Capital assets - Acquisitions","2020","Construction of roads and railways (421)","Euro Thousand",""
"Capital assets - Acquisitions","2020","Construction of utility projects (422)","Euro Thousand",""
"Capital assets - Acquisitions","2020","Construction of other civil engineering projects (429)","Euro Thousand",""
"Capital assets - Acquisitions","2020","Demolition and site preparation (431)","Euro Thousand",""
"Capital assets - Acquisitions","2020","Electrical, plumbing and other construction installation activities (432)","Euro Thousand",""
"Capital assets - Acquisitions","2020","Building completion and finishing (433)","Euro Thousand",""
"Capital assets - Acquisitions","2020","Other specialised construction activities (439)","Euro Thousand",""
"Capital assets - Acquisitions","2020","Construction (41 to 43)","Euro Thousand",""
"Capital assets - Sales","2019","Development of building projects (411)","Euro Thousand",""
"Capital assets - Sales","2019","Construction of residential and non-residential buildings (412)","Euro Thousand",""
"Capital assets - Sales","2019","Construction of roads and railways (421)","Euro Thousand",""
"Capital assets - Sales","2019","Construction of utility projects (422)","Euro Thousand",""
"Capital assets - Sales","2019","Construction of other civil engineering projects (429)","Euro Thousand",""
"Capital assets - Sales","2019","Demolition and site preparation (431)","Euro Thousand",""
"Capital assets - Sales","2019","Electrical, plumbing and other construction installation activities (432)","Euro Thousand",""
"Capital assets - Sales","2019","Building completion and finishing (433)","Euro Thousand",""
"Capital assets - Sales","2019","Other specialised construction activities (439)","Euro Thousand",""
"Capital assets - Sales","2019","Construction (41 to 43)","Euro Thousand",""
"Capital assets - Sales","2020","Development of building projects (411)","Euro Thousand",""
"Capital assets - Sales","2020","Construction of residential and non-residential buildings (412)","Euro Thousand",""
"Capital assets - Sales","2020","Construction of roads and railways (421)","Euro Thousand",""
"Capital assets - Sales","2020","Construction of utility projects (422)","Euro Thousand",""
"Capital assets - Sales","2020","Construction of other civil engineering projects (429)","Euro Thousand",""
"Capital assets - Sales","2020","Demolition and site preparation (431)","Euro Thousand",""
"Capital assets - Sales","2020","Electrical, plumbing and other construction installation activities (432)","Euro Thousand",""
"Capital assets - Sales","2020","Building completion and finishing (433)","Euro Thousand",""
"Capital assets - Sales","2020","Other specialised construction activities (439)","Euro Thousand",""
"Capital assets - Sales","2020","Construction (41 to 43)","Euro Thousand",""
"Production value","2019","Development of building projects (411)","Euro Thousand","3095012"
"Production value","2019","Construction of residential and non-residential buildings (412)","Euro Thousand","9287906"
"Production value","2019","Construction of roads and railways (421)","Euro Thousand","925339"
"Production value","2019","Construction of utility projects (422)","Euro Thousand","659972"
"Production value","2019","Construction of other civil engineering projects (429)","Euro Thousand","546034"
"Production value","2019","Demolition and site preparation (431)","Euro Thousand","356685"
"Production value","2019","Electrical, plumbing and other construction installation activities (432)","Euro Thousand","5995490"
"Production value","2019","Building completion and finishing (433)","Euro Thousand","3039214"
"Production value","2019","Other specialised construction activities (439)","Euro Thousand","2755375"
"Production value","2019","Construction (41 to 43)","Euro Thousand","26661027"
"Production value","2020","Development of building projects (411)","Euro Thousand","4041682"
"Production value","2020","Construction of residential and non-residential buildings (412)","Euro Thousand","9254969"
"Production value","2020","Construction of roads and railways (421)","Euro Thousand","901444"
"Production value","2020","Construction of utility projects (422)","Euro Thousand","678038"
"Production value","2020","Construction of other civil engineering projects (429)","Euro Thousand","610830"
"Production value","2020","Demolition and site preparation (431)","Euro Thousand","648887"
"Production value","2020","Electrical, plumbing and other construction installation activities (432)","Euro Thousand","5928878"
"Production value","2020","Building completion and finishing (433)","Euro Thousand","2696729"
"Production value","2020","Other specialised construction activities (439)","Euro Thousand","2599167"
"Production value","2020","Construction (41 to 43)","Euro Thousand","27360625"
"Intermediate consumption","2019","Development of building projects (411)","Euro Thousand","2361404"
"Intermediate consumption","2019","Construction of residential and non-residential buildings (412)","Euro Thousand","6517885"
"Intermediate consumption","2019","Construction of roads and railways (421)","Euro Thousand","661287"
"Intermediate consumption","2019","Construction of utility projects (422)","Euro Thousand","339783"
"Intermediate consumption","2019","Construction of other civil engineering projects (429)","Euro Thousand","346418"
"Intermediate consumption","2019","Demolition and site preparation (431)","Euro Thousand","219700"
"Intermediate consumption","2019","Electrical, plumbing and other construction installation activities (432)","Euro Thousand","3875625"
"Intermediate consumption","2019","Building completion and finishing (433)","Euro Thousand","1926951"
"Intermediate consumption","2019","Other specialised construction activities (439)","Euro Thousand","1732503"
"Intermediate consumption","2019","Construction (41 to 43)","Euro Thousand","17981555"
"Intermediate consumption","2020","Development of building projects (411)","Euro Thousand","3136974"
"Intermediate consumption","2020","Construction of residential and non-residential buildings (412)","Euro Thousand","6979979"
"Intermediate consumption","2020","Construction of roads and railways (421)","Euro Thousand","653363"
"Intermediate consumption","2020","Construction of utility projects (422)","Euro Thousand","440343"
"Intermediate consumption","2020","Construction of other civil engineering projects (429)","Euro Thousand","430296"
"Intermediate consumption","2020","Demolition and site preparation (431)","Euro Thousand","389647"
"Intermediate consumption","2020","Electrical, plumbing and other construction installation activities (432)","Euro Thousand","3872254"
"Intermediate consumption","2020","Building completion and finishing (433)","Euro Thousand","1739204"
"Intermediate consumption","2020","Other specialised construction activities (439)","Euro Thousand","1639487"
"Intermediate consumption","2020","Construction (41 to 43)","Euro Thousand","19281548"
"Gross value added at basic prices","2019","Development of building projects (411)","Euro Thousand","733608"
"Gross value added at basic prices","2019","Construction of residential and non-residential buildings (412)","Euro Thousand","2770021"
"Gross value added at basic prices","2019","Construction of roads and railways (421)","Euro Thousand","264052"
"Gross value added at basic prices","2019","Construction of utility projects (422)","Euro Thousand","320189"
"Gross value added at basic prices","2019","Construction of other civil engineering projects (429)","Euro Thousand","199617"
"Gross value added at basic prices","2019","Demolition and site preparation (431)","Euro Thousand","136985"
"Gross value added at basic prices","2019","Electrical, plumbing and other construction installation activities (432)","Euro Thousand","2119865"
"Gross value added at basic prices","2019","Building completion and finishing (433)","Euro Thousand","1112264"
"Gross value added at basic prices","2019","Other specialised construction activities (439)","Euro Thousand","1022872"
"Gross value added at basic prices","2019","Construction (41 to 43)","Euro Thousand","8679472"
"Gross value added at basic prices","2020","Development of building projects (411)","Euro Thousand","904707"
"Gross value added at basic prices","2020","Construction of residential and non-residential buildings (412)","Euro Thousand","2274990"
"Gross value added at basic prices","2020","Construction of roads and railways (421)","Euro Thousand","248080"
"Gross value added at basic prices","2020","Construction of utility projects (422)","Euro Thousand","237695"
"Gross value added at basic prices","2020","Construction of other civil engineering projects (429)","Euro Thousand","180534"
"Gross value added at basic prices","2020","Demolition and site preparation (431)","Euro Thousand","259241"
"Gross value added at basic prices","2020","Electrical, plumbing and other construction installation activities (432)","Euro Thousand","2056625"
"Gross value added at basic prices","2020","Building completion and finishing (433)","Euro Thousand","957525"
"Gross value added at basic prices","2020","Other specialised construction activities (439)","Euro Thousand","959680"
"Gross value added at basic prices","2020","Construction (41 to 43)","Euro Thousand","8079077"
"Gross value added at factor cost","2019","Development of building projects (411)","Euro Thousand","731213"
"Gross value added at factor cost","2019","Construction of residential and non-residential buildings (412)","Euro Thousand","2763657"
"Gross value added at factor cost","2019","Construction of roads and railways (421)","Euro Thousand","263126"
"Gross value added at factor cost","2019","Construction of utility projects (422)","Euro Thousand","318400"
"Gross value added at factor cost","2019","Construction of other civil engineering projects (429)","Euro Thousand","198699"
"Gross value added at factor cost","2019","Demolition and site preparation (431)","Euro Thousand","136538"
"Gross value added at factor cost","2019","Electrical, plumbing and other construction installation activities (432)","Euro Thousand","2112224"
"Gross value added at factor cost","2019","Building completion and finishing (433)","Euro Thousand","1107713"
"Gross value added at factor cost","2019","Other specialised construction activities (439)","Euro Thousand","1018749"
"Gross value added at factor cost","2019","Construction (41 to 43)","Euro Thousand","8650319"
"Gross value added at factor cost","2020","Development of building projects (411)","Euro Thousand","900554"
"Gross value added at factor cost","2020","Construction of residential and non-residential buildings (412)","Euro Thousand","2267974"
"Gross value added at factor cost","2020","Construction of roads and railways (421)","Euro Thousand","246423"
"Gross value added at factor cost","2020","Construction of utility projects (422)","Euro Thousand","234872"
"Gross value added at factor cost","2020","Construction of other civil engineering projects (429)","Euro Thousand","177838"
"Gross value added at factor cost","2020","Demolition and site preparation (431)","Euro Thousand","257722"
"Gross value added at factor cost","2020","Electrical, plumbing and other construction installation activities (432)","Euro Thousand","2045708"
"Gross value added at factor cost","2020","Building completion and finishing (433)","Euro Thousand","945228"
"Gross value added at factor cost","2020","Other specialised construction activities (439)","Euro Thousand","953986"
"Gross value added at factor cost","2020","Construction (41 to 43)","Euro Thousand","8030305"
