geo,TIME_PERIOD,IS-EPI,IS-HWI,IS-IP,IS-WSI,country_name,Proportion
AT,2010-01-01,396.2,397.79999999999995,391.9,353.6,Austria,0.031213442518345205
BE,2010-01-01,399.1,361.6,406.5,360.3,Belgium,0.03223135473481108
BG,2010-01-01,497.40000000000003,454.6,403.8,369.0,Bulgaria,0.0265492775861807
CY,2010-01-01,700.9,780.6,853.8,764.7,Cyprus,0.04771273605688154
CZ,2010-01-01,433.0,438.5,432.1,455.2,Czechia,0.029245985323832817
DE,2010-01-01,373.7,366.3,372.4,307.0,Germany,0.030043603105391895
DK,2010-01-01,422.0,416.0,354.8,387.70000000000005,Denmark,0.02809133863052825
EE,2010-01-01,343.29999999999995,327.6,285.3,247.6,Estonia,0.03219337293568922
EL,2010-01-01,581.1,553.6,937.8,721.6,Greece,0.027871044195621454
ES,2010-01-01,615.2,381.7,416.3,386.9,Spain,0.024893271144467568
FI,2010-01-01,404.40000000000003,415.2,364.4,333.5,Finland,0.029375123440847146
FR,2010-01-01,439.0,439.2,449.0,394.5,France,0.03171480226675377
HR,2010-01-01,507.7,317.5,594.1,411.20000000000005,Croatia,0.03477613527597575
HU,2010-01-01,419.1,430.5,366.9,349.3,Hungary,0.023951322526245423
IE,2010-01-01,356.29999999999995,330.1,378.9,342.5,Ireland,0.02338919189924188
IT,2010-01-01,519.8,540.9000000000001,588.9000000000001,501.6,Italy,0.03687273058750246
LT,2010-01-01,344.2,329.3,280.7,246.7,Lithuania,0.024171616961152213
LU,2010-01-01,425.7,423.7,418.4,371.5,Luxembourg,0.030750064569058506
LV,2010-01-01,308.1,299.8,263.3,219.7,Latvia,0.025766852524270367
ME,2010-01-01,345.2,367.7,353.0,398.7,Montenegro,0.025660503486729158
MK,2010-01-01,247.6,242.2,148.0,324.0,North Macedonia,0.015618115798909161
MT,2010-01-01,426.4,408.3,294.1,382.8,Malta,0.023738624451163003
NL,2010-01-01,502.4,483.5,414.9,470.9,Netherlands,0.029245985323832817
NO,2010-01-01,338.8,339.9,319.8,299.3,Norway,0.02692149921757494
PL,2010-01-01,449.7,455.8,389.90000000000003,398.1,Poland,0.03236808921164978
PT,2010-01-01,706.7,713.2,739.6,710.8,Portugal,0.04113428844897525
RO,2010-01-01,371.5,370.70000000000005,375.0,309.4,Romania,0.02967138147399766
RS,2010-01-01,489.0,385.0,338.1,319.6,Serbia,0.030750064569058506
SE,2010-01-01,338.9,341.9,349.6,290.8,Sweden,0.02819009130824509
SI,2010-01-01,578.4,394.8,663.3,413.6,Slovenia,0.030438613816259247
SK,2010-01-01,461.9,472.7,400.0,421.4,Slovakia,0.028380000303854392
AT,2011-01-01,405.1,407.3,398.2,367.0,Austria,0.02984911516352536
BE,2011-01-01,408.6,428.90000000000003,427.79999999999995,394.9,Belgium,0.029331837356200416
BG,2011-01-01,441.4,413.0,352.2,348.2,Bulgaria,0.024282914532592147
CY,2011-01-01,657.5,736.3,796.0,733.5,Cyprus,0.03518217650101634
CZ,2011-01-01,423.1,431.1,416.6,437.2,Czechia,0.027510436626183004
DE,2011-01-01,386.7,393.8,398.2,327.1,Germany,0.030854528366494972
DK,2011-01-01,424.5,424.8,366.1,402.0,Denmark,0.03049753382341156
EE,2011-01-01,344.1,335.8,363.3,273.4,Estonia,0.030482962617571416
EL,2011-01-01,481.2,456.7,552.2,588.2,Greece,0.031029382836576642
ES,2011-01-01,523.1,351.5,351.4,364.3,Spain,0.03065053148473302
FI,2011-01-01,415.2,428.8,393.7,358.2,Finland,0.030854528366494972
FR,2011-01-01,436.1,435.6,440.2,406.2,France,0.028982128416037072
HR,2011-01-01,469.4,304.3,526.1,415.1,Croatia,0.030111396868647868
HU,2011-01-01,411.4,417.6,337.59999999999997,350.3,Hungary,0.02364906707854609
IE,2011-01-01,328.20000000000005,323.1,315.6,316.4,Ireland,0.03202022483370612
IT,2011-01-01,503.79999999999995,517.6,558.0,500.1,Italy,0.02893841479851665
LT,2011-01-01,357.4,350.70000000000005,342.6,279.0,Lithuania,0.026424881791092626
LU,2011-01-01,419.8,424.5,421.9,372.8,Luxembourg,0.030111396868647868
LV,2011-01-01,335.7,337.09999999999997,295.5,255.4,Latvia,0.024326628150112564
ME,2011-01-01,346.2,440.5,389.0,367.0,Montenegro,0.03832227135956636
MK,2011-01-01,273.1,276.4,190.2,330.8,North Macedonia,0.03124066532125866
MT,2011-01-01,405.6,404.2,307.2,381.5,Malta,0.031575803055581865
NL,2011-01-01,492.9,484.3,418.9,468.9,Netherlands,0.031648659084782566
NO,2011-01-01,351.6,352.0,329.7,308.2,Norway,0.030308108147489746
PL,2011-01-01,483.7,494.70000000000005,449.59999999999997,446.1,Poland,0.024902190780798066
PT,2011-01-01,631.1,628.7,642.6,628.1,Portugal,0.027707147905024883
RO,2011-01-01,369.3,371.9,385.1,327.3,Romania,0.02789657358094669
RS,2011-01-01,468.6,398.0,405.8,347.1,Serbia,0.031277093335859006
SE,2011-01-01,364.8,357.0,376.5,313.4,Sweden,0.03018425289784856
SI,2011-01-01,499.6,392.6,482.5,421.2,Slovenia,0.0256380366757251
SK,2011-01-01,445.2,450.6,426.59999999999997,420.5,Slovakia,0.02602417363048879
AT,2012-01-01,412.1,410.8,410.9,382.7,Austria,0.028878064283487857
BE,2012-01-01,412.4,419.9,424.3,403.4,Belgium,0.02311467494606372
BG,2012-01-01,407.6,394.8,349.5,336.9,Bulgaria,0.021262811776138466
CY,2012-01-01,561.8,610.6,628.1,619.7,Cyprus,0.04611933821866653
CZ,2012-01-01,420.09999999999997,427.8,385.0,426.8,Czechia,0.025064326270176445
DE,2012-01-01,390.7,389.5,395.5,337.1,Germany,0.02856025278237857
DK,2012-01-01,424.1,424.2,369.8,409.0,Denmark,0.02889028780276129
EE,2012-01-01,385.4,382.3,423.8,344.8,Estonia,0.03467201241909557
EL,2012-01-01,451.0,419.4,366.9,475.2,Greece,0.01551775771762448
ES,2012-01-01,432.6,326.9,327.7,337.29999999999995,Spain,0.022197911000556167
FI,2012-01-01,412.3,423.0,386.70000000000005,378.2,Finland,0.027839065145245964
FR,2012-01-01,432.8,433.4,417.5,409.8,France,0.021837317181989866
HR,2012-01-01,433.6,255.3,457.8,420.1,Croatia,0.03048545706794443
HU,2012-01-01,400.9,404.5,315.3,350.6,Hungary,0.03394471302232625
IE,2012-01-01,304.2,291.8,307.9,289.5,Ireland,0.032147855689131456
IT,2012-01-01,477.7,461.3,485.4,461.9,Italy,0.023805303785012742
LT,2012-01-01,357.4,364.4,318.2,298.4,Lithuania,0.029318110977331484
LU,2012-01-01,412.3,403.7,404.8,383.2,Luxembourg,0.02466706189378984
LV,2012-01-01,370.4,371.6,339.2,287.6,Latvia,0.0311577506279833
ME,2012-01-01,359.6,388.0,337.8,359.9,Montenegro,0.06359897077967716
MK,2012-01-01,263.9,244.5,205.6,338.8,North Macedonia,0.01870198448835404
MT,2012-01-01,390.7,392.9,312.5,379.6,Malta,0.036316075761372454
NL,2012-01-01,473.9,461.2,385.0,461.3,Netherlands,0.03121275646471375
NO,2012-01-01,371.3,371.3,354.40000000000003,335.5,Norway,0.028493023426374685
PL,2012-01-01,492.8,502.8,426.1,455.0,Poland,0.028438017589644232
PT,2012-01-01,542.0,536.2,541.5,527.9,Portugal,0.024453150306504745
RO,2012-01-01,397.1,395.40000000000003,390.6,361.0,Romania,0.031341103417084806
RS,2012-01-01,445.3,390.0,404.8,359.3,Serbia,0.04289232913047995
SE,2012-01-01,384.29999999999995,373.0,371.1,338.6,Sweden,0.029758157671175105
SI,2012-01-01,440.4,386.5,400.7,410.9,Slovenia,0.03186060298620575
SK,2012-01-01,425.2,428.8,373.6,402.9,Slovakia,0.020853323880478426
AT,2013-01-01,411.8,410.6,413.59999999999997,390.4,Austria,
BE,2013-01-01,408.1,409.1,410.3,403.1,Belgium,
BG,2013-01-01,391.4,379.6,336.4,341.0,Bulgaria,
CY,2013-01-01,446.7,422.1,509.6,464.0,Cyprus,
CZ,2013-01-01,399.5,400.9,359.2,389.6,Czechia,
DE,2013-01-01,395.0,391.1,394.3,347.1,Germany,
DK,2013-01-01,377.3,374.8,366.8,359.1,Denmark,
EE,2013-01-01,386.7,377.5,423.1,372.0,Estonia,
EL,2013-01-01,452.2,409.4,337.1,421.1,Greece,
ES,2013-01-01,383.5,343.6,332.2,339.4,Spain,
FI,2013-01-01,414.0,422.2,375.0,385.5,Finland,
FR,2013-01-01,424.4,424.7,419.1,409.3,France,
HR,2013-01-01,411.6,239.0,431.8,428.2,Croatia,
HU,2013-01-01,387.6,385.7,341.9,362.1,Hungary,
IE,2013-01-01,305.1,295.6,342.79999999999995,296.9,Ireland,
IT,2013-01-01,437.4,410.8,435.7,421.6,Italy,
LT,2013-01-01,362.0,368.6,354.0,331.9,Lithuania,
LU,2013-01-01,400.6,387.59999999999997,388.7,385.7,Luxembourg,
LV,2013-01-01,408.2,410.9,364.1,341.3,Latvia,
ME,2013-01-01,364.1,468.9,370.7,425.6,Montenegro,
MK,2013-01-01,337.9,318.7,294.0,356.1,North Macedonia,
MT,2013-01-01,360.8,355.3,318.4,353.1,Malta,
NL,2013-01-01,432.3,426.4,362.4,429.9,Netherlands,
NO,2013-01-01,382.29999999999995,379.3,376.9,360.1,Norway,
PL,2013-01-01,457.8,452.1,382.3,419.6,Poland,
PT,2013-01-01,456.7,454.7,455.8,452.7,Portugal,
RO,2013-01-01,387.0,385.1,388.2,362.7,Romania,
RS,2013-01-01,421.1,386.40000000000003,323.8,363.4,Serbia,
SE,2013-01-01,382.5,381.1,359.7,355.2,Sweden,
SI,2013-01-01,399.5,389.4,373.7,402.2,Slovenia,
SK,2013-01-01,408.0,409.7,353.7,390.1,Slovakia,
AT,2014-01-01,405.7,405.3,405.7,395.7,Austria,
BE,2014-01-01,402.3,410.3,408.2,407.4,Belgium,
BG,2014-01-01,407.4,399.5,359.8,375.4,Bulgaria,
CY,2014-01-01,401.9,396.1,399.3,409.2,Cyprus,
CZ,2014-01-01,392.8,394.8,374.6,386.2,Czechia,
DE,2014-01-01,400.6,402.8,405.6,362.4,Germany,
DK,2014-01-01,387.1,386.4,382.9,374.8,Denmark,
EE,2014-01-01,375.1,369.6,414.5,381.7,Estonia,
EL,2014-01-01,530.3,413.4,390.1,458.0,Greece,
ES,2014-01-01,370.1,366.8,391.2,364.2,Spain,
FI,2014-01-01,400.5,406.7,377.1,387.7,Finland,
FR,2014-01-01,414.2,415.0,407.6,406.5,France,
HR,2014-01-01,401.6,216.0,402.2,432.2,Croatia,
HU,2014-01-01,395.2,394.5,388.2,375.6,Hungary,
IE,2014-01-01,340.8,357.3,370.9,357.5,Ireland,
IT,2014-01-01,413.0,380.0,404.2,395.6,Italy,
LT,2014-01-01,381.4,386.5,414.20000000000005,367.29999999999995,Lithuania,
LU,2014-01-01,401.3,401.5,403.4,397.7,Luxembourg,
LV,2014-01-01,408.7,415.9,402.5,380.3,Latvia,
ME,2014-01-01,388.0,389.2,378.0,384.6,Montenegro,
MK,2014-01-01,362.4,352.4,284.4,381.8,North Macedonia,
MT,2014-01-01,363.4,342.0,369.9,357.5,Malta,
NL,2014-01-01,407.6,411.2,374.0,406.1,Netherlands,
NO,2014-01-01,390.7,388.9,394.2,379.4,Norway,
PL,2014-01-01,424.1,422.5,398.7,406.1,Poland,
PT,2014-01-01,417.4,414.7,411.2,411.7,Portugal,
RO,2014-01-01,378.6,377.2,362.2,353.8,Romania,
RS,2014-01-01,403.7,396.7,331.6,370.3,Serbia,
SE,2014-01-01,386.1,383.9,365.5,368.1,Sweden,
SI,2014-01-01,397.6,393.8,432.7,401.9,Slovenia,
SK,2014-01-01,403.29999999999995,400.9,338.9,382.6,Slovakia,
AT,2015-01-01,400.0,399.9,400.0,400.0,Austria,
BE,2015-01-01,400.1,400.0,400.0,399.9,Belgium,
BG,2015-01-01,400.0,400.0,400.0,400.1,Bulgaria,
CY,2015-01-01,399.9,400.0,400.0,399.9,Cyprus,
CZ,2015-01-01,400.1,400.0,400.0,400.0,Czechia,
DE,2015-01-01,400.0,399.9,400.0,400.0,Germany,
DK,2015-01-01,400.1,400.0,400.0,399.9,Denmark,
EE,2015-01-01,400.0,400.0,400.0,400.0,Estonia,
EL,2015-01-01,400.0,400.0,400.1,400.1,Greece,
ES,2015-01-01,400.0,400.0,400.0,400.0,Spain,
FI,2015-01-01,399.9,400.1,400.0,399.9,Finland,
FR,2015-01-01,400.0,400.0,400.0,400.0,France,
HR,2015-01-01,400.0,400.0,400.0,400.0,Croatia,
HU,2015-01-01,400.0,400.0,400.1,400.0,Hungary,
IE,2015-01-01,400.1,400.1,399.9,400.0,Ireland,
IT,2015-01-01,400.1,400.0,400.1,400.0,Italy,
LT,2015-01-01,400.0,400.0,400.0,400.1,Lithuania,
LU,2015-01-01,400.0,400.0,400.0,400.0,Luxembourg,
LV,2015-01-01,400.0,400.0,400.0,400.0,Latvia,
ME,2015-01-01,400.0,400.0,400.0,400.0,Montenegro,
MK,2015-01-01,400.0,400.0,400.1,399.8,North Macedonia,
MT,2015-01-01,400.1,400.0,400.0,399.9,Malta,
NL,2015-01-01,399.9,400.0,400.0,400.0,Netherlands,
NO,2015-01-01,399.9,400.0,400.0,400.0,Norway,
PL,2015-01-01,400.1,400.1,399.90000000000003,399.9,Poland,
PT,2015-01-01,400.0,400.09999999999997,400.0,400.1,Portugal,
RO,2015-01-01,400.0,400.1,400.6,400.0,Romania,
RS,2015-01-01,400.1,399.4,400.4,399.6,Serbia,
SE,2015-01-01,399.9,399.9,400.0,399.9,Sweden,
SI,2015-01-01,400.1,400.0,400.0,399.9,Slovenia,
SK,2015-01-01,400.0,400.0,400.0,400.0,Slovakia,
AT,2016-01-01,401.2,400.9,409.7,407.9,Austria,
BE,2016-01-01,405.6,405.4,402.6,404.4,Belgium,
BG,2016-01-01,383.4,374.7,333.3,387.3,Bulgaria,
CY,2016-01-01,432.0,451.8,482.9,432.1,Cyprus,
CZ,2016-01-01,389.2,388.0,377.6,410.1,Czechia,
DE,2016-01-01,405.70000000000005,406.9,423.5,414.8,Germany,
DK,2016-01-01,415.5,415.6,418.6,431.7,Denmark,
EE,2016-01-01,395.3,386.5,418.4,390.0,Estonia,
EL,2016-01-01,474.5,477.4,425.9,458.5,Greece,
ES,2016-01-01,400.0,418.8,420.7,417.4,Spain,
FI,2016-01-01,419.9,425.4,423.5,423.3,Finland,
FR,2016-01-01,395.7,394.2,397.8,403.3,France,
HR,2016-01-01,395.3,396.3,413.3,408.4,Croatia,
HU,2016-01-01,413.9,409.6,324.6,415.6,Hungary,
IE,2016-01-01,456.8,462.0,439.5,469.9,Ireland,
IT,2016-01-01,398.8,404.4,397.2,404.4,Italy,
LT,2016-01-01,381.0,382.1,362.70000000000005,414.70000000000005,Lithuania,
LU,2016-01-01,406.3,413.0,413.3,412.7,Luxembourg,
LV,2016-01-01,371.5,354.4,333.9,382.20000000000005,Latvia,
ME,2016-01-01,435.0,477.1,526.0,403.8,Montenegro,
MK,2016-01-01,429.2,439.5,428.79999999999995,441.0,North Macedonia,
MT,2016-01-01,405.7,406.5,433.4,416.7,Malta,
NL,2016-01-01,398.9,396.9,434.4,410.6,Netherlands,
NO,2016-01-01,410.8,411.2,416.0,422.1,Norway,
PL,2016-01-01,396.2,394.5,341.8,413.5,Poland,
PT,2016-01-01,383.9,381.4,380.3,381.1,Portugal,
RO,2016-01-01,420.0,419.7,382.9,478.6,Romania,
RS,2016-01-01,400.0,400.5,429.29999999999995,382.7,Serbia,
SE,2016-01-01,421.6,427.1,414.29999999999995,433.0,Sweden,
SI,2016-01-01,396.9,375.79999999999995,351.9,405.6,Slovenia,
SK,2016-01-01,404.79999999999995,402.8,357.2,418.90000000000003,Slovakia,
AT,2017-01-01,412.6,410.8,433.6,422.8,Austria,
BE,2017-01-01,414.6,413.9,404.4,422.6,Belgium,
BG,2017-01-01,397.9,377.9,348.5,430.7,Bulgaria,
CY,2017-01-01,496.9,534.8,616.3,510.4,Cyprus,
CZ,2017-01-01,394.6,391.7,389.8,429.6,Czechia,
DE,2017-01-01,414.7,412.5,433.20000000000005,433.4,Germany,
DK,2017-01-01,431.3,428.6,436.1,459.20000000000005,Denmark,
EE,2017-01-01,420.3,408.8,508.2,446.8,Estonia,
EL,2017-01-01,497.4,574.0,346.5,505.1,Greece,
ES,2017-01-01,420.3,436.2,414.9,434.8,Spain,
FI,2017-01-01,441.0,463.9,442.5,456.1,Finland,
FR,2017-01-01,398.6,396.3,409.5,419.2,France,
HR,2017-01-01,409.2,385.1,420.5,429.8,Croatia,
HU,2017-01-01,429.2,418.3,420.7,489.2,Hungary,
IE,2017-01-01,494.5,498.4,496.6,514.4,Ireland,
IT,2017-01-01,392.59999999999997,406.7,399.8,404.8,Italy,
LT,2017-01-01,387.7,384.1,395.3,473.2,Lithuania,
LU,2017-01-01,419.2,418.4,418.1,439.3,Luxembourg,
LV,2017-01-01,387.5,376.40000000000003,395.8,420.6,Latvia,
ME,2017-01-01,461.0,595.6,796.9,394.4,Montenegro,
MK,2017-01-01,416.6,422.3,312.3,432.4,North Macedonia,
MT,2017-01-01,344.1,334.6,428.4,386.6,Malta,
NL,2017-01-01,410.6,410.2,467.1,427.9,Netherlands,
NO,2017-01-01,428.0,422.8,434.5,460.70000000000005,Norway,
PL,2017-01-01,405.3,395.6,388.6,445.2,Poland,
PT,2017-01-01,390.8,385.6,386.7,387.2,Portugal,
RO,2017-01-01,416.2,406.0,361.4,521.7,Romania,
RS,2017-01-01,404.8,400.9,465.5,390.1,Serbia,
SE,2017-01-01,436.8,437.0,457.0,451.3,Sweden,
SI,2017-01-01,410.4,371.9,423.1,416.0,Slovenia,
SK,2017-01-01,415.0,409.2,367.90000000000003,443.9,Slovakia,
AT,2018-01-01,430.8,428.5,463.7,453.9,Austria,
BE,2018-01-01,425.5,430.0,412.09999999999997,453.6,Belgium,
BG,2018-01-01,400.9,389.2,353.9,475.6,Bulgaria,
CY,2018-01-01,566.3,620.9,722.7,594.4,Cyprus,
CZ,2018-01-01,399.9,394.9,425.9,468.70000000000005,Czechia,
DE,2018-01-01,423.1,417.70000000000005,434.1,460.5,Germany,
DK,2018-01-01,448.20000000000005,438.4,450.6,488.3,Denmark,
EE,2018-01-01,441.5,443.2,570.8,516.8,Estonia,
EL,2018-01-01,524.8,619.8,298.7,502.0,Greece,
ES,2018-01-01,455.2,449.4,423.5,464.2,Spain,
FI,2018-01-01,465.3,492.1,451.8,487.0,Finland,
FR,2018-01-01,407.4,405.3,407.6,435.2,France,
HR,2018-01-01,430.3,403.6,441.3,455.1,Croatia,
HU,2018-01-01,468.3,454.4,510.2,595.1,Hungary,
IE,2018-01-01,554.1,567.6999999999999,547.8,609.5,Ireland,
IT,2018-01-01,393.2,412.9,407.1,412.6,Italy,
LT,2018-01-01,404.20000000000005,405.2,449.7,528.9,Lithuania,
LU,2018-01-01,428.5,435.1,435.8,458.5,Luxembourg,
LV,2018-01-01,416.5,390.6,482.5,491.4,Latvia,
ME,2018-01-01,518.4,673.0,995.0999999999999,413.6,Montenegro,
MK,2018-01-01,395.9,396.20000000000005,290.9,458.4,North Macedonia,
MT,2018-01-01,340.5,332.5,449.3,397.2,Malta,
NL,2018-01-01,425.1,424.3,489.4,451.0,Netherlands,
NO,2018-01-01,443.1,433.3,451.7,493.8,Norway,
PL,2018-01-01,422.9,418.3,465.40000000000003,505.2,Poland,
PT,2018-01-01,399.8,395.6,401.3,402.59999999999997,Portugal,
RO,2018-01-01,442.3,431.70000000000005,346.7,780.7,Romania,
RS,2018-01-01,437.1,400.3,531.0,422.5,Serbia,
SE,2018-01-01,459.5,439.6,486.1,478.3,Sweden,
SI,2018-01-01,430.0,365.7,507.9,433.6,Slovenia,
SK,2018-01-01,428.7,420.3,399.1,492.0,Slovakia,
AT,2019-01-01,452.9,449.9,491.5,492.1,Austria,
BE,2019-01-01,436.6,435.5,409.6,472.3,Belgium,
BG,2019-01-01,412.90000000000003,398.4,367.7,551.6,Bulgaria,
CY,2019-01-01,620.4,697.4,808.8,681.7,Cyprus,
CZ,2019-01-01,407.0,397.9,437.5,506.4,Czechia,
DE,2019-01-01,430.7,424.40000000000003,448.5,484.20000000000005,Germany,
DK,2019-01-01,456.7,441.8,459.1,507.90000000000003,Denmark,
EE,2019-01-01,457.2,454.8,603.8,575.2,Estonia,
EL,2019-01-01,421.70000000000005,558.8,280.5,422.7,Greece,
ES,2019-01-01,476.1,449.4,415.0,471.3,Spain,
FI,2019-01-01,451.2,466.5,451.2,497.4,Finland,
FR,2019-01-01,422.4,421.4,409.1,462.5,France,
HR,2019-01-01,461.2,486.5,477.9,474.2,Croatia,
HU,2019-01-01,556.8,547.5,615.5,825.5,Hungary,
IE,2019-01-01,584.0,583.3,579.1,648.1999999999999,Ireland,
IT,2019-01-01,397.3,429.7,419.7,430.29999999999995,Italy,
LT,2019-01-01,412.1,421.2,487.19999999999993,576.2,Lithuania,
LU,2019-01-01,438.7,442.5,441.0,480.3,Luxembourg,
LV,2019-01-01,431.8,403.0,496.6,554.9,Latvia,
ME,2019-01-01,603.6999999999999,701.0,1101.7,403.8,Montenegro,
MK,2019-01-01,356.2,357.3,302.0,492.3,North Macedonia,
MT,2019-01-01,361.3,365.70000000000005,562.0,452.6,Malta,
NL,2019-01-01,439.5,441.2,516.9,474.6,Netherlands,
NO,2019-01-01,456.6,447.1,471.5,523.8,Norway,
PL,2019-01-01,443.9,434.70000000000005,482.2,560.1,Poland,
PT,2019-01-01,408.4,404.1,412.8,426.6,Portugal,
RO,2019-01-01,465.2,452.6,442.2,979.7,Romania,
RS,2019-01-01,479.6,433.8,720.1,479.3,Serbia,
SE,2019-01-01,470.7,471.5,489.3,519.1,Sweden,
SI,2019-01-01,470.2,367.0,524.9,443.6,Slovenia,
SK,2019-01-01,456.2,448.8,385.1,554.3,Slovakia,
AT,2020-01-01,460.1,441.8,472.5,511.9,Austria,
BE,2020-01-01,432.1,388.8,378.2,439.3,Belgium,
BG,2020-01-01,406.1,384.2,347.9,570.0999999999999,Bulgaria,
CY,2020-01-01,644.2,676.4000000000001,754.6,655.5,Cyprus,
CZ,2020-01-01,409.3,383.4,410.1,526.5,Czechia,
DE,2020-01-01,436.3,430.7,467.29999999999995,499.1,Germany,
DK,2020-01-01,470.7,458.4,472.7,543.3,Denmark,
EE,2020-01-01,434.1,424.0,567.3,534.1,Estonia,
EL,2020-01-01,380.5,548.5,253.9,438.6,Greece,
ES,2020-01-01,463.5,408.6,363.2,446.5,Spain,
FI,2020-01-01,451.2,469.7,455.5,502.79999999999995,Finland,
FR,2020-01-01,435.5,395.40000000000003,357.3,444.8,France,
HR,2020-01-01,492.2,527.0,498.8,482.4,Croatia,
HU,2020-01-01,547.9,533.5,555.4,892.7,Hungary,
IE,2020-01-01,556.3,549.1,526.0,623.6,Ireland,
IT,2020-01-01,406.4,404.1,389.5,402.5,Italy,
LT,2020-01-01,407.0,392.6,479.70000000000005,596.5999999999999,Lithuania,
LU,2020-01-01,424.5,398.2,403.6,471.2,Luxembourg,
LV,2020-01-01,418.2,379.1,509.79999999999995,577.1,Latvia,
ME,2020-01-01,478.8,673.9,1040.6,402.6,Montenegro,
MK,2020-01-01,344.7,341.3,306.0,536.3000000000001,North Macedonia,
MT,2020-01-01,379.9,375.9,594.2,476.5,Malta,
NL,2020-01-01,448.4,423.4,510.7,493.3,Netherlands,
NO,2020-01-01,455.5,443.2,466.2,533.1,Norway,
PL,2020-01-01,445.7,433.1,465.3,583.1,Poland,
PT,2020-01-01,407.3,394.1,400.1,420.6,Portugal,
RO,2020-01-01,480.79999999999995,464.4,512.8,1061.0,Romania,
RS,2020-01-01,523.2,420.0,701.8,510.3,Serbia,
SE,2020-01-01,476.0,446.6,486.9,503.2,Sweden,
SI,2020-01-01,481.9,374.2,521.3,470.3,Slovenia,
SK,2020-01-01,429.3,411.9,341.2,534.6,Slovakia,
AT,2021-01-01,478.0,475.5,508.70000000000005,545.9,Austria,
BE,2021-01-01,450.3,421.3,395.4,471.9,Belgium,
BG,2021-01-01,374.1,349.2,357.2,571.3,Bulgaria,
CY,2021-01-01,657.7,739.6,790.3,740.5,Cyprus,
CZ,2021-01-01,392.1,363.0,421.1,537.9,Czechia,
DE,2021-01-01,442.8,431.5,461.2,516.3,Germany,
DK,2021-01-01,491.5,485.4,505.4,584.0,Denmark,
EE,2021-01-01,459.5,450.3,620.2,621.6,Estonia,
EL,2021-01-01,318.8,498.1,271.9,405.9,Greece,
ES,2021-01-01,481.2,413.0,339.2,437.3,Spain,
FI,2021-01-01,437.0,429.1,472.2,518.9,Finland,
FR,2021-01-01,453.7,449.1,406.8,498.0,France,
HR,2021-01-01,515.7,568.1,544.9,499.4,Croatia,
HU,2021-01-01,580.1,572.2,621.2,1034.7,Hungary,
IE,2021-01-01,573.7,580.4,509.90000000000003,695.9,Ireland,
IT,2021-01-01,432.0,486.2,487.1,493.59999999999997,Italy,
LT,2021-01-01,415.3,389.3,501.7,653.5,Lithuania,
LU,2021-01-01,425.6,420.7,428.2,489.2,Luxembourg,
LV,2021-01-01,419.0,409.4,478.4,618.0999999999999,Latvia,
ME,2021-01-01,545.7,677.6,990.5,428.4,Montenegro,
MK,2021-01-01,347.8,338.1,271.3,571.5,North Macedonia,
MT,2021-01-01,380.9,374.90000000000003,625.8,509.9,Malta,
NL,2021-01-01,458.7,450.70000000000005,521.3,515.4,Netherlands,
NO,2021-01-01,458.8,447.8,477.3,565.5,Norway,
PL,2021-01-01,443.1,433.1,472.9,625.4,Poland,
PT,2021-01-01,414.5,405.9,413.3,451.9,Portugal,
RO,2021-01-01,505.5,496.9,509.69999999999993,1174.0,Romania,
RS,2021-01-01,548.3,426.20000000000005,821.4,555.9000000000001,Serbia,
SE,2021-01-01,485.0,463.1,494.2,527.5999999999999,Sweden,
SI,2021-01-01,503.2,380.7,518.7,503.6,Slovenia,
SK,2021-01-01,412.9,396.8,334.5,540.4,Slovakia,
AT,2022-01-01,488.7,483.9,524.4,581.9,Austria,
BE,2022-01-01,348.1,435.5,399.5,514.1,Belgium,
BG,2022-01-01,360.9,334.9,358.8,607.0,Bulgaria,
CY,2022-01-01,674.2,751.1,747.7,782.3,Cyprus,
CZ,2022-01-01,386.9,359.5,432.0,584.5,Czechia,
DE,2022-01-01,446.0,431.1,452.9,542.4,Germany,
DK,2022-01-01,507.0,503.5,533.1,626.3,Denmark,
EE,2022-01-01,484.5,468.9,612.5999999999999,719.1,Estonia,
EL,2022-01-01,308.2,478.0,338.4,429.7,Greece,
ES,2022-01-01,492.2,428.0,313.8,468.9,Spain,
FI,2022-01-01,424.6,416.4,479.6,548.0,Finland,
FR,2022-01-01,460.3,459.7,415.2,523.1,France,
HR,2022-01-01,517.1,578.5,566.7,544.1,Croatia,
HU,2022-01-01,608.0,601.2,641.4,1269.8,Hungary,
IE,2022-01-01,678.9,698.1,520.2,870.6,Ireland,
IT,2022-01-01,465.29999999999995,527.9,543.8,571.9,Italy,
LT,2022-01-01,404.3,392.2,524.7,694.1,Lithuania,
LU,2022-01-01,426.2,423.4,430.70000000000005,512.4000000000001,Luxembourg,
LV,2022-01-01,401.0,413.0,424.20000000000005,649.0,Latvia,
ME,2022-01-01,670.8,661.5,946.5,497.5,Montenegro,
MK,2022-01-01,324.2,323.2,238.60000000000002,652.1,North Macedonia,
MT,2022-01-01,384.4,382.4,667.3,549.7,Malta,
NL,2022-01-01,351.9,335.2,536.5,407.5,Netherlands,
NO,2022-01-01,479.7,468.5,498.5,611.9,Norway,
PL,2022-01-01,446.9,447.0,508.69999999999993,710.5,Poland,
PT,2022-01-01,422.6,411.8,418.5,479.7,Portugal,
RO,2022-01-01,517.8,504.4,575.3,1330.7,Romania,
RS,2022-01-01,557.8,420.5,726.6,625.1999999999999,Serbia,
SE,2022-01-01,500.6,492.1,495.9,589.3,Sweden,
SI,2022-01-01,542.3,376.5,633.8,539.6,Slovenia,
SK,2022-01-01,420.5,393.8,334.40000000000003,524.0,Slovakia,
